timestamp,price,size,side,exchange_timestamp
1756904112.7999077,0.22851,29240.0,bid,1756904112212
1756904112.7999077,0.22861,2761.0,ask,1756904112212
1756904113.0291567,0.22851,29240.0,bid,1756904112363
1756904113.0291567,0.22859,11122.0,ask,1756904112363
1756904113.19153,0.22851,58480.0,bid,1756904112468
1756904113.19153,0.22859,11122.0,ask,1756904112468
1756904113.3337147,0.22851,29240.0,bid,1756904112834
1756904113.3337147,0.22859,11122.0,ask,1756904112834
1756904113.508979,0.22844,4664.0,bid,1756904113112
1756904113.508979,0.22859,11122.0,ask,1756904113112
1756904113.655951,0.22848,2931.0,bid,1756904113305
1756904113.655951,0.22859,11122.0,ask,1756904113305
1756904113.9587095,0.22848,4679.0,bid,1756904113538
1756904113.9587095,0.22859,11122.0,ask,1756904113538
1756904114.199107,0.22848,1748.0,bid,1756904113916
1756904114.199107,0.22859,11122.0,ask,1756904113916
1756904115.16126,0.22847,1750.0,bid,1756904114803
1756904115.16126,0.22858,55204.0,ask,1756904114803
1756904115.1859455,0.22845,2436.0,bid,1756904114866
1756904115.1859455,0.22848,25463.0,ask,1756904114866
1756904115.2061234,0.22845,2436.0,bid,1756904114923
1756904115.2061234,0.22846,50932.0,ask,1756904114923
1756904115.3106337,0.22844,1446.0,bid,1756904115005
1756904115.3106337,0.22846,50932.0,ask,1756904115005
1756904115.3420289,0.22844,1446.0,bid,1756904115066
1756904115.3420289,0.22845,25467.0,ask,1756904115066
1756904115.5779686,0.22841,2931.0,bid,1756904115208
1756904115.5779686,0.22845,25467.0,ask,1756904115208
1756904115.6239316,0.22841,2931.0,bid,1756904115273
1756904115.6239316,0.22842,50940.0,ask,1756904115273
1756904115.7196333,0.22841,2931.0,bid,1756904115410
1756904115.7196333,0.22842,76410.0,ask,1756904115410
1756904115.8012135,0.22841,2931.0,bid,1756904115488
1756904115.8012135,0.22842,101880.0,ask,1756904115488
1756904115.8596375,0.2284,5022.0,bid,1756904115579
1756904115.8596375,0.22842,127350.0,ask,1756904115579
1756904116.0543778,0.22841,2623.0,bid,1756904115674
1756904116.0543778,0.22842,101880.0,ask,1756904115674
1756904116.2747414,0.22841,2623.0,bid,1756904115878
1756904116.2747414,0.22842,50940.0,ask,1756904115878
1756904116.2747414,0.22841,2623.0,bid,1756904115996
1756904116.2747414,0.22843,25469.0,ask,1756904115996
1756904116.5323412,0.22841,2931.0,bid,1756904116054
1756904116.5323412,0.22843,25469.0,ask,1756904116054
1756904116.5864594,0.22841,2931.0,bid,1756904116233
1756904116.5864594,0.22851,2884.0,ask,1756904116233
1756904116.7823324,0.2284,1889.0,bid,1756904116407
1756904116.7823324,0.22851,2884.0,ask,1756904116407
1756904116.788053,0.22846,29247.0,bid,1756904116476
1756904116.788053,0.22851,2884.0,ask,1756904116476
1756904116.8233628,0.22846,29247.0,bid,1756904116529
1756904116.8233628,0.22851,1555.0,ask,1756904116529
1756904116.9168136,0.22846,29247.0,bid,1756904116716
1756904116.9168136,0.22861,3138.0,ask,1756904116716
1756904117.1159976,0.22854,29237.0,bid,1756904116776
1756904117.1159976,0.22858,11122.0,ask,1756904116776
1756904117.2679217,0.22854,146185.0,bid,1756904116846
1756904117.2679217,0.22858,11122.0,ask,1756904116846
1756904117.5959969,0.22854,87711.0,bid,1756904117284
1756904117.5959969,0.22858,11122.0,ask,1756904117284
1756904117.9701269,0.22848,1747.0,bid,1756904117392
1756904117.9701269,0.22858,11122.0,ask,1756904117392
1756904118.5654123,0.22848,1747.0,bid,1756904118094
1756904118.5654123,0.22861,6062.0,ask,1756904118094
1756904118.5654123,0.22847,1750.0,bid,1756904118142
1756904118.5654123,0.22861,6062.0,ask,1756904118142
1756904118.7574914,0.22847,1750.0,bid,1756904118305
1756904118.7574914,0.22861,7609.0,ask,1756904118305
1756904118.8186383,0.22847,1750.0,bid,1756904118407
1756904118.8186383,0.22859,11122.0,ask,1756904118407
1756904118.9465356,0.22845,2431.0,bid,1756904118478
1756904118.9465356,0.22859,11122.0,ask,1756904118478
1756904119.5143535,0.22847,11122.0,bid,1756904119078
1756904119.5143535,0.22861,3138.0,ask,1756904119078
1756904120.1602063,0.22848,2931.0,bid,1756904119747
1756904120.1602063,0.2286,15612.0,ask,1756904119747
1756904120.195035,0.22849,1445.0,bid,1756904119851
1756904120.195035,0.2286,15612.0,ask,1756904119851
1756904122.1401105,0.2285,2188.0,bid,1756904121852
1756904122.1401105,0.2286,15612.0,ask,1756904121852
1756904122.6180744,0.2285,2188.0,bid,1756904122264
1756904122.6180744,0.22861,3138.0,ask,1756904122264
1756904123.3584495,0.22851,16972.0,bid,1756904122653
1756904123.3584495,0.22861,3138.0,ask,1756904122653
1756904123.3594997,0.2285,2188.0,bid,1756904122844
1756904123.3594997,0.2286,17990.0,ask,1756904122844
1756904124.6445472,0.22857,11122.0,bid,1756904124216
1756904124.6445472,0.22861,1577.0,ask,1756904124216
1756904124.6825874,0.22857,11122.0,bid,1756904124325
1756904124.6825874,0.22869,6765.0,ask,1756904124325
1756904124.8306103,0.22863,58452.0,bid,1756904124352
1756904124.8306103,0.22869,2974.0,ask,1756904124352
1756904124.8306103,0.22863,116904.0,bid,1756904124431
1756904124.8306103,0.22871,2851.0,ask,1756904124431
1756904124.9494216,0.22863,87678.0,bid,1756904124624
1756904124.9494216,0.22871,2851.0,ask,1756904124624
1756904124.997227,0.22864,52864.0,bid,1756904124771
1756904124.997227,0.22871,2851.0,ask,1756904124771
1756904125.0823636,0.22868,11122.0,bid,1756904124788
1756904125.0823636,0.22871,2851.0,ask,1756904124788
1756904125.2251356,0.22868,11122.0,bid,1756904124846
1756904125.2251356,0.22871,1531.0,ask,1756904124846
1756904125.4910483,0.22868,11122.0,bid,1756904125024
1756904125.4910483,0.22881,2891.0,ask,1756904125024
1756904125.5280962,0.22865,4926.0,bid,1756904125135
1756904125.5280962,0.22881,2891.0,ask,1756904125135
1756904125.5950317,0.22874,87639.0,bid,1756904125226
1756904125.5950317,0.22881,2891.0,ask,1756904125226
1756904125.7695758,0.22874,146065.0,bid,1756904125426
1756904125.7695758,0.22881,2891.0,ask,1756904125426
1756904125.9442267,0.22874,146065.0,bid,1756904125620
1756904125.9442267,0.2288,23840.0,ask,1756904125620
1756904126.0249116,0.22874,87639.0,bid,1756904125729
1756904126.0249116,0.2288,23840.0,ask,1756904125729
1756904126.164498,0.22868,1747.0,bid,1756904125856
1756904126.164498,0.22879,3154.0,ask,1756904125856
1756904128.7063515,0.22867,1748.0,bid,1756904126851
1756904128.7063515,0.22875,11122.0,ask,1756904126851
1756904128.7215707,0.22866,2502.0,bid,1756904127045
1756904128.7215707,0.22867,25441.0,ask,1756904127045
1756904128.7245831,0.22866,2502.0,bid,1756904127170
1756904128.7245831,0.22867,50882.0,ask,1756904127170
1756904129.059978,0.22866,2502.0,bid,1756904127291
1756904129.059978,0.22867,101764.0,ask,1756904127291
1756904129.059978,0.22866,2502.0,bid,1756904127631
1756904129.059978,0.22867,178087.0,ask,1756904127631
1756904129.059978,0.22866,2502.0,bid,1756904127736
1756904129.059978,0.22867,203528.0,ask,1756904127736
1756904129.062487,0.22866,2502.0,bid,1756904127871
1756904129.062487,0.22867,228969.0,ask,1756904127871
1756904129.4779048,0.22866,2502.0,bid,1756904127948
1756904129.4779048,0.22867,245354.0,ask,1756904127948
1756904129.47893,0.22866,2502.0,bid,1756904128171
1756904129.47893,0.22867,219913.0,ask,1756904128171
1756904129.4800036,0.22866,2502.0,bid,1756904128340
1756904129.4800036,0.22867,203528.0,ask,1756904128340
1756904129.4805264,0.22855,6727.0,bid,1756904128450
1756904129.4805264,0.22867,152646.0,ask,1756904128450
1756904129.4805264,0.22855,6727.0,bid,1756904128513
1756904129.4805264,0.22867,25441.0,ask,1756904128513
1756904129.4805264,0.22855,6727.0,bid,1756904128645
1756904129.4805264,0.22871,2639.0,ask,1756904128645
1756904129.871988,0.22855,4275.0,bid,1756904129288
1756904129.871988,0.22871,2639.0,ask,1756904129288
1756904130.032722,0.22855,4275.0,bid,1756904129420
1756904130.032722,0.22864,11122.0,ask,1756904129420
1756904130.032722,0.22855,4275.0,bid,1756904129487
1756904130.032722,0.2286,1337.0,ask,1756904129487
1756904130.032722,0.22855,1747.0,bid,1756904129539
1756904130.032722,0.2286,1337.0,ask,1756904129539
1756904130.1403534,0.22848,19785.0,bid,1756904129732
1756904130.1403534,0.2286,1337.0,ask,1756904129732
1756904130.2783554,0.22846,1622.0,bid,1756904129832
1756904130.2783554,0.2286,1337.0,ask,1756904129832
1756904130.442932,0.22845,3855.0,bid,1756904130022
1756904130.442932,0.22852,23829.0,ask,1756904130022
1756904130.585006,0.22845,3855.0,bid,1756904130264
1756904130.585006,0.22852,47658.0,ask,1756904130264
1756904130.705327,0.22845,3855.0,bid,1756904130334
1756904130.705327,0.22851,1380.0,ask,1756904130334
1756904130.8027544,0.22845,1622.0,bid,1756904130384
1756904130.8027544,0.22851,1380.0,ask,1756904130384
1756904130.8033068,0.22845,1622.0,bid,1756904130480
1756904130.8033068,0.22846,23836.0,ask,1756904130480
1756904130.8502226,0.22845,1622.0,bid,1756904130536
1756904130.8502226,0.22846,47672.0,ask,1756904130536
1756904130.9353895,0.22838,3454.0,bid,1756904130593
1756904130.9353895,0.22846,71508.0,ask,1756904130593
1756904131.050861,0.22838,70167.0,bid,1756904130736
1756904131.050861,0.22842,47682.0,ask,1756904130736
1756904131.2746296,0.22838,70167.0,bid,1756904130938
1756904131.2746296,0.22842,95364.0,ask,1756904130938
1756904131.4908166,0.22839,2189.0,bid,1756904131051
1756904131.4908166,0.22842,119205.0,ask,1756904131051
1756904131.7886438,0.22839,2189.0,bid,1756904131415
1756904131.7886438,0.22842,47682.0,ask,1756904131415
1756904131.9615946,0.22839,5131.0,bid,1756904131622
1756904131.9615946,0.2285,1455.0,ask,1756904131622
1756904132.3121276,0.22839,2189.0,bid,1756904131979
1756904132.3121276,0.2285,1455.0,ask,1756904131979
1756904132.4400618,0.22839,2135.0,bid,1756904132053
1756904132.4400618,0.2285,1455.0,ask,1756904132053
1756904132.6792345,0.22839,5077.0,bid,1756904132374
1756904132.6792345,0.2285,1455.0,ask,1756904132374
1756904134.8644397,0.22839,5077.0,bid,1756904134521
1756904134.8644397,0.2285,2931.0,ask,1756904134521
1756904135.736761,0.22839,5077.0,bid,1756904135342
1756904135.736761,0.22841,3070.0,ask,1756904135342
1756904135.85526,0.22839,2942.0,bid,1756904135343
1756904135.85526,0.22841,3070.0,ask,1756904135343
1756904135.85526,0.22839,2942.0,bid,1756904135527
1756904135.85526,0.22841,5992.0,ask,1756904135527
1756904135.9997451,0.22825,3246.0,bid,1756904135582
1756904135.9997451,0.22841,5992.0,ask,1756904135582
1756904136.0278366,0.22825,3246.0,bid,1756904135728
1756904136.0278366,0.22836,23848.0,ask,1756904135728
1756904136.0867224,0.22825,3246.0,bid,1756904135781
1756904136.0867224,0.22836,47696.0,ask,1756904135781
1756904136.2585998,0.22825,3246.0,bid,1756904135861
1756904136.2585998,0.22834,11122.0,ask,1756904135861
1756904136.4120722,0.22825,3246.0,bid,1756904136131
1756904136.4120722,0.2283,1446.0,ask,1756904136131
1756904136.6505656,0.22825,3246.0,bid,1756904136332
1756904136.6505656,0.2283,2764.0,ask,1756904136332
1756904136.8855064,0.22825,1623.0,bid,1756904136534
1756904136.8855064,0.2283,2764.0,ask,1756904136534
1756904138.6735845,0.22822,1904.0,bid,1756904138411
1756904138.6735845,0.2283,2764.0,ask,1756904138411
1756904139.1677382,0.22818,5264.0,bid,1756904138749
1756904139.1677382,0.2283,2764.0,ask,1756904138749
1756904139.1677382,0.22816,5300.0,bid,1756904138883
1756904139.1677382,0.2283,2764.0,ask,1756904138883
1756904139.549853,0.22816,3676.0,bid,1756904139069
1756904139.549853,0.2283,2764.0,ask,1756904139069
1756904139.646015,0.22816,3676.0,bid,1756904139228
1756904139.646015,0.22829,6000.0,ask,1756904139228
1756904139.646015,0.22816,3676.0,bid,1756904139341
1756904139.646015,0.22829,10417.0,ask,1756904139341
1756904139.8909426,0.22816,3676.0,bid,1756904139534
1756904139.8909426,0.22828,44944.0,ask,1756904139534
1756904140.0816035,0.22816,2443.0,bid,1756904139605
1756904140.0816035,0.22823,3635.0,ask,1756904139605
1756904140.2631946,0.22816,2443.0,bid,1756904139796
1756904140.2631946,0.2282,1407.0,ask,1756904139796
1756904140.3247647,0.22816,2443.0,bid,1756904139851
1756904140.3247647,0.2282,2806.0,ask,1756904139851
1756904140.3247647,0.22815,1624.0,bid,1756904139972
1756904140.3247647,0.2282,2806.0,ask,1756904139972
1756904140.415046,0.22811,2942.0,bid,1756904140032
1756904140.415046,0.22816,47744.0,ask,1756904140032
1756904140.6738946,0.22811,2942.0,bid,1756904140173
1756904140.6738946,0.22813,23875.0,ask,1756904140173
1756904140.6738946,0.22811,2942.0,bid,1756904140225
1756904140.6738946,0.22813,47750.0,ask,1756904140225
1756904140.8356063,0.22807,3154.0,bid,1756904140460
1756904140.8356063,0.22812,47754.0,ask,1756904140460
1756904140.9102683,0.22807,3154.0,bid,1756904140640
1756904140.9102683,0.22808,23881.0,ask,1756904140640
1756904141.0378506,0.22806,15593.0,bid,1756904140741
1756904141.0378506,0.22808,71643.0,ask,1756904140741
1756904141.3060248,0.22807,37692.0,bid,1756904140925
1756904141.3060248,0.22808,71643.0,ask,1756904140925
1756904141.3793957,0.22807,53788.0,bid,1756904141064
1756904141.3793957,0.22808,47762.0,ask,1756904141064
1756904141.694641,0.22807,21873.0,bid,1756904141305
1756904141.694641,0.2282,2905.0,ask,1756904141305
1756904141.9270732,0.22807,19250.0,bid,1756904141392
1756904141.9270732,0.2282,2905.0,ask,1756904141392
1756904141.994497,0.22807,24514.0,bid,1756904141476
1756904141.994497,0.2282,2905.0,ask,1756904141476
1756904142.059924,0.22807,35332.0,bid,1756904141710
1756904142.059924,0.2282,2905.0,ask,1756904141710
1756904142.4494975,0.22807,31821.0,bid,1756904141991
1756904142.4494975,0.22816,3635.0,ask,1756904141991
1756904142.580256,0.22807,33571.0,bid,1756904142120
1756904142.580256,0.22816,3635.0,ask,1756904142120
1756904142.636951,0.22808,2192.0,bid,1756904142246
1756904142.636951,0.22816,3635.0,ask,1756904142246
1756904143.1535366,0.22808,20819.0,bid,1756904142662
1756904143.1535366,0.22816,3635.0,ask,1756904142662
1756904144.0522814,0.22808,36439.0,bid,1756904143229
1756904144.0522814,0.22816,3635.0,ask,1756904143229
1756904144.297569,0.22808,20819.0,bid,1756904143582
1756904144.297569,0.22816,3635.0,ask,1756904143582
1756904144.297569,0.22808,20819.0,bid,1756904143784
1756904144.297569,0.22815,32887.0,ask,1756904143784
1756904144.2980757,0.22808,20819.0,bid,1756904143845
1756904144.2980757,0.22811,1379.0,ask,1756904143845
1756904144.3178391,0.22808,18627.0,bid,1756904143928
1756904144.3178391,0.22811,1379.0,ask,1756904143928
1756904144.3178391,0.22808,18627.0,bid,1756904143980
1756904144.3178391,0.22811,2765.0,ask,1756904143980
1756904144.5494208,0.22805,1625.0,bid,1756904144192
1756904144.5494208,0.22811,2765.0,ask,1756904144192
1756904144.6761777,0.22805,1625.0,bid,1756904144396
1756904144.6761777,0.22806,23884.0,ask,1756904144396
1756904145.148001,0.22805,4248.0,bid,1756904144738
1756904145.148001,0.22806,23884.0,ask,1756904144738
1756904145.3909454,0.22805,1625.0,bid,1756904145001
1756904145.3909454,0.22806,23884.0,ask,1756904145001
1756904145.5520923,0.22805,1625.0,bid,1756904145186
1756904145.5520923,0.22819,1095.0,ask,1756904145186
1756904145.627715,0.22805,3978.0,bid,1756904145233
1756904145.627715,0.22819,1095.0,ask,1756904145233
1756904145.7337978,0.22809,92763.0,bid,1756904145290
1756904145.7337978,0.2282,5810.0,ask,1756904145290
1756904145.9335475,0.22809,185526.0,bid,1756904145539
1756904145.9335475,0.2282,5810.0,ask,1756904145539
1756904146.1769285,0.22809,185526.0,bid,1756904145765
1756904146.1769285,0.2282,2817.0,ask,1756904145765
1756904146.4192677,0.22806,2589.0,bid,1756904146037
1756904146.4192677,0.2282,2817.0,ask,1756904146037
1756904146.538791,0.22806,2589.0,bid,1756904146119
1756904146.538791,0.22816,3635.0,ask,1756904146119
1756904146.7104738,0.22807,1750.0,bid,1756904146404
1756904146.7104738,0.22816,3635.0,ask,1756904146404
1756904147.1994178,0.22806,2589.0,bid,1756904146726
1756904147.1994178,0.2282,2817.0,ask,1756904146726
1756904147.7097733,0.22806,2589.0,bid,1756904147402
1756904147.7097733,0.22813,11122.0,ask,1756904147402
1756904147.7326198,0.22806,2589.0,bid,1756904147456
1756904147.7326198,0.2281,1486.0,ask,1756904147456
1756904147.8387268,0.22804,7633.0,bid,1756904147530
1756904147.8387268,0.22809,3635.0,ask,1756904147530
1756904147.874299,0.22804,7633.0,bid,1756904147588
1756904147.874299,0.22805,47770.0,ask,1756904147588
1756904148.1159081,0.22804,4383.0,bid,1756904147737
1756904148.1159081,0.22805,71655.0,ask,1756904147737
1756904148.7350767,0.22804,4383.0,bid,1756904147858
1756904148.7350767,0.22805,119425.0,ask,1756904147858
1756904148.736109,0.22804,4383.0,bid,1756904148024
1756904148.736109,0.22805,23885.0,ask,1756904148024
1756904148.9542003,0.22795,3250.0,bid,1756904148381
1756904148.9542003,0.22805,23885.0,ask,1756904148381
1756904148.9542003,0.22795,7721.0,bid,1756904148461
1756904148.9542003,0.22801,23890.0,ask,1756904148461
1756904148.9542003,0.22797,1750.0,bid,1756904148530
1756904148.9542003,0.22801,23890.0,ask,1756904148530
1756904149.4361122,0.22797,1750.0,bid,1756904149097
1756904149.4361122,0.22808,35069.0,ask,1756904149097
1756904149.5972264,0.22795,3250.0,bid,1756904149148
1756904149.5972264,0.22808,35069.0,ask,1756904149148
1756904149.644312,0.22795,3250.0,bid,1756904149305
1756904149.644312,0.22796,47792.0,ask,1756904149305
1756904149.92982,0.22795,3250.0,bid,1756904149443
1756904149.92982,0.22796,95584.0,ask,1756904149443
1756904149.9604385,0.22795,3250.0,bid,1756904149509
1756904149.9604385,0.22796,119480.0,ask,1756904149509
1756904150.0804756,0.22795,45007.0,bid,1756904149670
1756904150.0804756,0.22796,119480.0,ask,1756904149670
1756904150.2315323,0.22795,45007.0,bid,1756904149850
1756904150.2315323,0.22796,95584.0,ask,1756904149850
1756904150.280309,0.22795,80083.0,bid,1756904149936
1756904150.280309,0.22796,95584.0,ask,1756904149936
1756904150.535292,0.22795,83025.0,bid,1756904150030
1756904150.535292,0.22796,47792.0,ask,1756904150030
1756904150.675648,0.22795,83025.0,bid,1756904150205
1756904150.675648,0.228,1595.0,ask,1756904150205
1756904150.7996035,0.22795,42384.0,bid,1756904150347
1756904150.7996035,0.22806,20212.0,ask,1756904150347
1756904150.8001368,0.22795,27461.0,bid,1756904150406
1756904150.8001368,0.22806,20212.0,ask,1756904150406
1756904150.8001368,0.22795,3250.0,bid,1756904150479
1756904150.8001368,0.22806,20212.0,ask,1756904150479
1756904151.0924892,0.22795,3250.0,bid,1756904150688
1756904151.0924892,0.22798,3612.0,ask,1756904150688
1756904151.426661,0.22795,3250.0,bid,1756904151005
1756904151.426661,0.228,2941.0,ask,1756904151005
1756904152.1606133,0.22796,2674.0,bid,1756904151897
1756904152.1606133,0.228,1352.0,ask,1756904151897
1756904152.3979475,0.22796,2674.0,bid,1756904152097
1756904152.3979475,0.22809,1448.0,ask,1756904152097
1756904152.7594008,0.22803,61854.0,bid,1756904152225
1756904152.7594008,0.22809,1448.0,ask,1756904152225
1756904152.8512874,0.22803,123708.0,bid,1756904152299
1756904152.8512874,0.22809,1448.0,ask,1756904152299
1756904152.8518035,0.22803,185562.0,bid,1756904152433
1756904152.8518035,0.22805,4471.0,ask,1756904152433
1756904153.2141497,0.22803,123708.0,bid,1756904152757
1756904153.2141497,0.22805,4471.0,ask,1756904152757
1756904153.6231713,0.22803,123708.0,bid,1756904152827
1756904153.6231713,0.22804,3433.0,ask,1756904152827
1756904153.6236887,0.22795,3250.0,bid,1756904152967
1756904153.6236887,0.228,23891.0,ask,1756904152967
1756904154.1492527,0.22795,3250.0,bid,1756904153341
1756904154.1492527,0.228,35013.0,ask,1756904153341
1756904154.1528902,0.22795,3250.0,bid,1756904153768
1756904154.1528902,0.228,12480.0,ask,1756904153768
1756904154.989989,0.22795,3250.0,bid,1756904154584
1756904154.989989,0.228,1358.0,ask,1756904154584
1756904155.0471797,0.22795,3250.0,bid,1756904154734
1756904155.0471797,0.22803,2665.0,ask,1756904154734
1756904156.252583,0.22796,11122.0,bid,1756904155858
1756904156.252583,0.22803,2665.0,ask,1756904155858
1756904156.3080103,0.22796,11122.0,bid,1756904155920
1756904156.3080103,0.22803,1293.0,ask,1756904155920
1756904156.3603954,0.22796,11122.0,bid,1756904155991
1756904156.3603954,0.22807,3433.0,ask,1756904155991
1756904156.4466867,0.22804,3934.0,bid,1756904156122
1756904156.4466867,0.22807,3433.0,ask,1756904156122
1756904156.4756758,0.22806,30923.0,bid,1756904156220
1756904156.4756758,0.22813,2640.0,ask,1756904156220
1756904156.5655105,0.2281,30918.0,bid,1756904156286
1756904156.5655105,0.22813,2640.0,ask,1756904156286
1756904156.6899471,0.2281,61836.0,bid,1756904156345
1756904156.6899471,0.22813,2640.0,ask,1756904156345
1756904156.9571507,0.2281,92755.0,bid,1756904156491
1756904156.9571507,0.22812,32892.0,ask,1756904156491
1756904157.1627657,0.22804,3934.0,bid,1756904156896
1756904157.1627657,0.22812,32892.0,ask,1756904156896
1756904157.2982507,0.22804,3934.0,bid,1756904156946
1756904157.2982507,0.22812,34274.0,ask,1756904156946
1756904157.482999,0.22804,3934.0,bid,1756904157168
1756904157.482999,0.22812,1382.0,ask,1756904157168
1756904157.6372874,0.22804,3934.0,bid,1756904157361
1756904157.6372874,0.22811,28925.0,ask,1756904157361
1756904157.9463096,0.22805,17883.0,bid,1756904157563
1756904157.9463096,0.22811,28925.0,ask,1756904157563
1756904158.0293038,0.22805,20387.0,bid,1756904157619
1756904158.0293038,0.22819,1454.0,ask,1756904157619
1756904158.097633,0.22814,30914.0,bid,1756904157734
1756904158.097633,0.22819,1454.0,ask,1756904157734
1756904158.3109233,0.22815,30912.0,bid,1756904157787
1756904158.3109233,0.22819,1454.0,ask,1756904157787
1756904158.6792727,0.22815,30912.0,bid,1756904158286
1756904158.6792727,0.22822,5802.0,ask,1756904158286
1756904158.8785787,0.22821,61812.0,bid,1756904158526
1756904158.8785787,0.22822,2687.0,ask,1756904158526
1756904159.0327678,0.22821,216342.0,bid,1756904158608
1756904159.0327678,0.22822,2687.0,ask,1756904158608
1756904159.5360696,0.22821,30906.0,bid,1756904159137
1756904159.5360696,0.22822,2687.0,ask,1756904159137
1756904159.6169786,0.2282,216349.0,bid,1756904159331
1756904159.6169786,0.22822,2687.0,ask,1756904159331
1756904159.8172507,0.2281,5023.0,bid,1756904159429
1756904159.8172507,0.22824,11122.0,ask,1756904159429
1756904159.8172507,0.2281,5023.0,bid,1756904159541
1756904159.8172507,0.22822,3433.0,ask,1756904159541
1756904160.2540958,0.22811,2192.0,bid,1756904159852
1756904160.2540958,0.22822,3433.0,ask,1756904159852
1756904160.9261582,0.22811,37252.0,bid,1756904160489
1756904160.9261582,0.22823,2928.0,ask,1756904160489
1756904160.9261582,0.22815,2699.0,bid,1756904160558
1756904160.9261582,0.22823,1405.0,ask,1756904160558
1756904161.0468032,0.22822,92712.0,bid,1756904160613
1756904161.0468032,0.22823,1405.0,ask,1756904160613
1756904161.0468032,0.22822,123616.0,bid,1756904160760
1756904161.0468032,0.22833,2880.0,ask,1756904160760
1756904161.1907666,0.22826,30899.0,bid,1756904160892
1756904161.1907666,0.22833,2880.0,ask,1756904160892
1756904161.4044626,0.22826,61798.0,bid,1756904161017
1756904161.4044626,0.22833,5995.0,ask,1756904161017
1756904161.8609521,0.22818,1752.0,bid,1756904161514
1756904161.8609521,0.22833,5995.0,ask,1756904161514
1756904162.1047194,0.22818,1752.0,bid,1756904161724
1756904162.1047194,0.22823,47726.0,ask,1756904161724
1756904162.153144,0.22818,1752.0,bid,1756904161818
1756904162.153144,0.22822,11122.0,ask,1756904161818
1756904162.257938,0.22815,418.0,bid,1756904161958
1756904162.257938,0.22822,12456.0,ask,1756904161958
1756904162.5652874,0.22815,364.0,bid,1756904162025
1756904162.5652874,0.22816,23872.0,ask,1756904162025
1756904162.6320112,0.22815,364.0,bid,1756904162151
1756904162.6320112,0.22816,47744.0,ask,1756904162151
1756904162.8527858,0.22807,1896.0,bid,1756904162220
1756904162.8527858,0.22816,119360.0,ask,1756904162220
1756904162.9069033,0.22807,1896.0,bid,1756904162498
1756904162.9069033,0.22812,47754.0,ask,1756904162498
1756904163.24036,0.22807,1896.0,bid,1756904162638
1756904163.24036,0.22812,71631.0,ask,1756904162638
1756904163.24036,0.22808,2192.0,bid,1756904162734
1756904163.24036,0.22812,71631.0,ask,1756904162734
1756904163.550989,0.22808,27126.0,bid,1756904162974
1756904163.550989,0.22812,47754.0,ask,1756904162974
1756904164.175037,0.22808,27126.0,bid,1756904163541
1756904164.175037,0.22822,12456.0,ask,1756904163541
1756904164.1755471,0.22808,27126.0,bid,1756904163687
1756904164.1755471,0.22822,11122.0,ask,1756904163687
1756904164.7705956,0.22808,2192.0,bid,1756904164269
1756904164.7705956,0.22822,11122.0,ask,1756904164269
1756904164.8251858,0.22806,2569.0,bid,1756904164389
1756904164.8251858,0.22822,11122.0,ask,1756904164389
1756904165.2758965,0.22806,2569.0,bid,1756904164750
1756904165.2758965,0.22807,23883.0,ask,1756904164750
1756904165.276906,0.22804,7885.0,bid,1756904164811
1756904165.276906,0.22807,23883.0,ask,1756904164811
1756904165.4246068,0.22798,197316.0,bid,1756904165104
1756904165.4246068,0.22805,71655.0,ask,1756904165104
1756904165.5355618,0.22797,4562.0,bid,1756904165164
1756904165.5355618,0.22803,23887.0,ask,1756904165164
1756904165.6763573,0.22797,4562.0,bid,1756904165283
1756904165.6763573,0.22803,47774.0,ask,1756904165283
1756904165.9264884,0.22797,4562.0,bid,1756904165494
1756904165.9264884,0.22801,71670.0,ask,1756904165494
1756904166.166258,0.22798,29321.0,bid,1756904165720
1756904166.166258,0.22801,71670.0,ask,1756904165720
1756904166.3035195,0.22798,29321.0,bid,1756904165855
1756904166.3035195,0.22803,47774.0,ask,1756904165855
1756904166.430218,0.22798,29321.0,bid,1756904166079
1756904166.430218,0.22803,23887.0,ask,1756904166079
1756904166.4317331,0.22798,29321.0,bid,1756904166132
1756904166.4317331,0.22814,820.0,ask,1756904166132
1756904166.8067112,0.22798,29321.0,bid,1756904166467
1756904166.8067112,0.22812,11122.0,ask,1756904166467
1756904167.4187222,0.22799,2193.0,bid,1756904167124
1756904167.4187222,0.22812,11122.0,ask,1756904167124
1756904169.3158388,0.22799,2193.0,bid,1756904168733
1756904169.3158388,0.22814,2222.0,ask,1756904168733
1756904169.5692017,0.22799,2193.0,bid,1756904168861
1756904169.5692017,0.22814,1402.0,ask,1756904168861
1756904169.5697045,0.22799,37268.0,bid,1756904169062
1756904169.5697045,0.22814,1402.0,ask,1756904169062
1756904170.0236387,0.22799,37268.0,bid,1756904169627
1756904170.0236387,0.22813,23153.0,ask,1756904169627
1756904170.4267707,0.228,3127.0,bid,1756904170088
1756904170.4267707,0.22813,23153.0,ask,1756904170088
1756904171.0509398,0.22801,17883.0,bid,1756904170691
1756904171.0509398,0.22813,23153.0,ask,1756904170691
1756904171.1048229,0.22805,2403.0,bid,1756904170832
1756904171.1048229,0.22813,23153.0,ask,1756904170832
1756904171.2170653,0.22806,2492.0,bid,1756904170894
1756904171.2170653,0.22813,23153.0,ask,1756904170894
1756904171.2448,0.22806,2492.0,bid,1756904170969
1756904171.2448,0.2282,16386.0,ask,1756904170969
1756904171.3967268,0.22816,61821.0,bid,1756904171094
1756904171.3967268,0.2282,16386.0,ask,1756904171094
1756904171.487624,0.22816,123642.0,bid,1756904171169
1756904171.487624,0.2282,16386.0,ask,1756904171169
1756904171.6641312,0.22816,154553.0,bid,1756904171370
1756904171.6641312,0.2282,11122.0,ask,1756904171370
1756904171.793667,0.22816,154553.0,bid,1756904171495
1756904171.793667,0.22819,3242.0,ask,1756904171495
1756904171.8640172,0.22816,123642.0,bid,1756904171568
1756904171.8640172,0.22819,3242.0,ask,1756904171568
1756904172.0160499,0.22816,61821.0,bid,1756904171701
1756904172.0160499,0.22819,3242.0,ask,1756904171701
1756904172.1603794,0.22807,3503.0,bid,1756904171772
1756904172.1603794,0.22819,3242.0,ask,1756904171772
1756904172.902712,0.22807,1750.0,bid,1756904172579
1756904172.902712,0.22819,3242.0,ask,1756904172579
1756904173.1576314,0.22806,5796.0,bid,1756904172790
1756904173.1576314,0.2282,11122.0,ask,1756904172790
1756904173.992676,0.22806,5796.0,bid,1756904173474
1756904173.992676,0.22814,1299.0,ask,1756904173474
1756904173.992676,0.22806,5796.0,bid,1756904173537
1756904173.992676,0.22809,11122.0,ask,1756904173537
1756904174.1291487,0.22806,3127.0,bid,1756904173715
1756904174.1291487,0.22809,11122.0,ask,1756904173715
1756904174.1873775,0.22801,6000.0,bid,1756904173849
1756904174.1873775,0.22809,11122.0,ask,1756904173849
1756904174.511414,0.22801,6000.0,bid,1756904174178
1756904174.511414,0.22814,3420.0,ask,1756904174178
1756904174.6633332,0.22802,6000.0,bid,1756904174253
1756904174.6633332,0.22814,3420.0,ask,1756904174253
1756904174.7467442,0.22802,8193.0,bid,1756904174403
1756904174.7467442,0.22814,2600.0,ask,1756904174403
1756904174.8559377,0.22802,8193.0,bid,1756904174463
1756904174.8559377,0.22813,24456.0,ask,1756904174463
1756904175.072703,0.22802,2193.0,bid,1756904174681
1756904175.072703,0.22813,24456.0,ask,1756904174681
1756904175.1197207,0.22803,12476.0,bid,1756904174822
1756904175.1197207,0.22813,24456.0,ask,1756904174822
1756904175.6321445,0.22802,2193.0,bid,1756904175284
1756904175.6321445,0.22813,24456.0,ask,1756904175284
1756904176.0150876,0.22802,2193.0,bid,1756904175742
1756904176.0150876,0.22812,6000.0,ask,1756904175742
1756904176.6542902,0.22802,2193.0,bid,1756904176303
1756904176.6542902,0.22814,2600.0,ask,1756904176303
1756904176.8358815,0.22813,30915.0,bid,1756904176492
1756904176.8358815,0.22818,3115.0,ask,1756904176492
1756904176.93276,0.22815,30912.0,bid,1756904176650
1756904176.93276,0.22818,3115.0,ask,1756904176650
1756904177.0708337,0.22817,61818.0,bid,1756904176703
1756904177.0708337,0.22818,3115.0,ask,1756904176703
1756904177.2460554,0.22816,92733.0,bid,1756904176858
1756904177.2460554,0.22818,3115.0,ask,1756904176858
1756904177.5154216,0.22816,92733.0,bid,1756904177056
1756904177.5154216,0.22817,23871.0,ask,1756904177056
1756904177.7596133,0.22816,61822.0,bid,1756904177258
1756904177.7596133,0.22817,80629.0,ask,1756904177258
1756904177.9030108,0.22816,61822.0,bid,1756904177329
1756904177.9030108,0.22817,104500.0,ask,1756904177329
1756904177.9587543,0.22802,3127.0,bid,1756904177456
1756904177.9587543,0.22817,104500.0,ask,1756904177456
1756904177.9587543,0.22802,3127.0,bid,1756904177531
1756904177.9587543,0.22817,107742.0,ask,1756904177531
1756904178.0360935,0.22802,3127.0,bid,1756904177732
1756904178.0360935,0.22817,110857.0,ask,1756904177732
1756904178.357896,0.22802,3127.0,bid,1756904177932
1756904178.357896,0.22816,820.0,ask,1756904177932
1756904178.7964613,0.22803,2193.0,bid,1756904178070
1756904178.7964613,0.22816,1640.0,ask,1756904178070
1756904179.5347846,0.22803,2193.0,bid,1756904178272
1756904179.5347846,0.22814,1403.0,ask,1756904178272
1756904179.5347846,0.22803,2193.0,bid,1756904178278
1756904179.5347846,0.22814,2654.0,ask,1756904178278
1756904179.5363438,0.22804,6000.0,bid,1756904178741
1756904179.5363438,0.22814,2654.0,ask,1756904178741
1756904180.6532362,0.22804,6000.0,bid,1756904180360
1756904180.6532362,0.22813,1443.0,ask,1756904180360
1756904180.8287327,0.22804,8193.0,bid,1756904180561
1756904180.8287327,0.22813,1443.0,ask,1756904180561
1756904181.0842962,0.22804,2193.0,bid,1756904180761
1756904181.0842962,0.22813,1443.0,ask,1756904180761
1756904182.1942964,0.22805,17246.0,bid,1756904181756
1756904182.1942964,0.22813,1443.0,ask,1756904181756
1756904182.1942964,0.22805,17246.0,bid,1756904181833
1756904182.1942964,0.22814,1251.0,ask,1756904181833
1756904182.4148042,0.22813,92745.0,bid,1756904181917
1756904182.4148042,0.22816,3242.0,ask,1756904181917
1756904182.46407,0.22815,30912.0,bid,1756904182026
1756904182.46407,0.22821,1446.0,ask,1756904182026
1756904182.632931,0.22816,30911.0,bid,1756904182079
1756904182.632931,0.22823,2556.0,ask,1756904182079
1756904182.632931,0.22816,30911.0,bid,1756904182193
1756904182.632931,0.22823,13678.0,ask,1756904182193
1756904183.1924357,0.22814,30914.0,bid,1756904182527
1756904183.1924357,0.22823,13678.0,ask,1756904182527
1756904183.4266508,0.22808,5252.0,bid,1756904183046
1756904183.4266508,0.22823,13678.0,ask,1756904183046
1756904184.2323537,0.22808,5252.0,bid,1756904183311
1756904184.2323537,0.22821,3242.0,ask,1756904183311
1756904185.0427482,0.22808,5252.0,bid,1756904184599
1756904185.0427482,0.22822,6000.0,ask,1756904184599
1756904185.0894427,0.22809,6000.0,bid,1756904184709
1756904185.0894427,0.22822,6000.0,ask,1756904184709
1756904185.7464828,0.22809,6000.0,bid,1756904185287
1756904185.7464828,0.22823,13678.0,ask,1756904185287
1756904186.3874981,0.2281,9683.0,bid,1756904185928
1756904186.3874981,0.22823,2556.0,ask,1756904185928
1756904186.7929583,0.22809,6000.0,bid,1756904186366
1756904186.7929583,0.22823,2556.0,ask,1756904186366
1756904186.8137896,0.22807,4764.0,bid,1756904186427
1756904186.8137896,0.22822,1446.0,ask,1756904186427
1756904187.1853867,0.22807,4764.0,bid,1756904186677
1756904187.1853867,0.22822,7446.0,ask,1756904186677
1756904187.5310075,0.22807,4764.0,bid,1756904187088
1756904187.5310075,0.22822,1446.0,ask,1756904187088
1756904187.6154926,0.22807,6514.0,bid,1756904187161
1756904187.6154926,0.22822,1446.0,ask,1756904187161
1756904187.670976,0.22808,1749.0,bid,1756904187286
1756904187.670976,0.22822,1446.0,ask,1756904187286
1756904188.1233468,0.22809,6000.0,bid,1756904187689
1756904188.1233468,0.22821,3242.0,ask,1756904187689
1756904189.5974026,0.22807,4764.0,bid,1756904189103
1756904189.5974026,0.22821,3242.0,ask,1756904189103
1756904189.744458,0.22807,2320.0,bid,1756904189261
1756904189.744458,0.22813,1433.0,ask,1756904189261
1756904189.870163,0.22805,1885.0,bid,1756904189395
1756904189.870163,0.22808,71646.0,ask,1756904189395
1756904189.967547,0.22802,1446.0,bid,1756904189461
1756904189.967547,0.22808,71646.0,ask,1756904189461
1756904189.9983232,0.22799,3770.0,bid,1756904189590
1756904189.9983232,0.22804,47772.0,ask,1756904189590
1756904190.026777,0.22797,2322.0,bid,1756904189591
1756904190.026777,0.22804,47772.0,ask,1756904189591
1756904190.1478937,0.22797,2322.0,bid,1756904189780
1756904190.1478937,0.22804,71658.0,ask,1756904189780
1756904190.2532225,0.22797,2304.0,bid,1756904189864
1756904190.2532225,0.22802,23889.0,ask,1756904189864
1756904190.4738746,0.22797,2304.0,bid,1756904189992
1756904190.4738746,0.22799,23892.0,ask,1756904189992
1756904190.7057793,0.22797,2304.0,bid,1756904190066
1756904190.7057793,0.22801,23890.0,ask,1756904190066
1756904191.0868464,0.22796,4875.0,bid,1756904190568
1756904191.0868464,0.22802,20212.0,ask,1756904190568
1756904191.1221898,0.22796,4875.0,bid,1756904190695
1756904191.1221898,0.22797,23895.0,ask,1756904190695
1756904191.1973176,0.22796,4875.0,bid,1756904190816
1756904191.1973176,0.22797,71685.0,ask,1756904190816
1756904191.292289,0.22796,4875.0,bid,1756904190897
1756904191.292289,0.22797,95580.0,ask,1756904190897
1756904191.5678518,0.22796,4875.0,bid,1756904191031
1756904191.5678518,0.22797,119475.0,ask,1756904191031
1756904191.7364626,0.22796,7498.0,bid,1756904191099
1756904191.7364626,0.22797,143370.0,ask,1756904191099
1756904191.8929634,0.22796,206940.0,bid,1756904191378
1756904191.8929634,0.22797,143370.0,ask,1756904191378
1756904191.8929634,0.22796,220100.0,bid,1756904191484
1756904191.8929634,0.22797,95580.0,ask,1756904191484
1756904192.0827298,0.22796,220100.0,bid,1756904191665
1756904192.0827298,0.22809,6000.0,ask,1756904191665
1756904192.1424167,0.228,30931.0,bid,1756904191742
1756904192.1424167,0.22809,6000.0,ask,1756904191742
1756904192.2778895,0.228,123724.0,bid,1756904191902
1756904192.2778895,0.22823,2672.0,ask,1756904191902
1756904192.3444293,0.22808,11122.0,bid,1756904192030
1756904192.3444293,0.22823,2672.0,ask,1756904192030
1756904192.624641,0.22812,30915.0,bid,1756904192161
1756904192.624641,0.22823,2672.0,ask,1756904192161
1756904192.8003547,0.22812,30915.0,bid,1756904192416
1756904192.8003547,0.22822,26561.0,ask,1756904192416
1756904192.8428524,0.22813,6000.0,bid,1756904192490
1756904192.8428524,0.22822,26561.0,ask,1756904192490
1756904192.947541,0.22817,2374.0,bid,1756904192552
1756904192.947541,0.22822,26561.0,ask,1756904192552
1756904193.2559707,0.22826,30885.0,bid,1756904192753
1756904193.2559707,0.22831,2988.0,ask,1756904192753
1756904193.3748593,0.22826,30885.0,bid,1756904193019
1756904193.3748593,0.22833,2687.0,ask,1756904193019
1756904194.5810146,0.22826,30885.0,bid,1756904193621
1756904194.5810146,0.22832,21938.0,ask,1756904193621
1756904194.5810146,0.22818,17121.0,bid,1756904193912
1756904194.5810146,0.22832,21938.0,ask,1756904193912
1756904194.5830233,0.22819,16001.0,bid,1756904194094
1756904194.5830233,0.22832,21938.0,ask,1756904194094
1756904195.0011146,0.22818,18869.0,bid,1756904194447
1756904195.0011146,0.22832,21938.0,ask,1756904194447
1756904195.0550203,0.22818,18869.0,bid,1756904194572
1756904195.0550203,0.22833,2687.0,ask,1756904194572
1756904195.05554,0.22821,1446.0,bid,1756904194774
1756904195.05554,0.22833,2687.0,ask,1756904194774
1756904195.3942652,0.22821,1446.0,bid,1756904194975
1756904195.3942652,0.22832,14283.0,ask,1756904194975
1756904195.9849226,0.22822,14145.0,bid,1756904195655
1756904195.9849226,0.22832,14283.0,ask,1756904195655
1756904196.4445386,0.22823,6000.0,bid,1756904196054
1756904196.4445386,0.22832,14283.0,ask,1756904196054
1756904197.6856873,0.22824,2191.0,bid,1756904197308
1756904197.6856873,0.22832,14283.0,ask,1756904197308
1756904200.7176309,0.22821,1446.0,bid,1756904200380
1756904200.7176309,0.22826,11122.0,ask,1756904200380
1756904200.7892904,0.22813,1877.0,bid,1756904200468
1756904200.7892904,0.22822,47756.0,ask,1756904200468
1756904200.9090478,0.22808,11122.0,bid,1756904200556
1756904200.9090478,0.22821,23879.0,ask,1756904200556
1756904200.9897857,0.22808,11122.0,bid,1756904200692
1756904200.9897857,0.22821,71637.0,ask,1756904200692
1756904201.0503802,0.22807,9598.0,bid,1756904200757
1756904201.0503802,0.22815,11122.0,ask,1756904200757
1756904201.10311,0.22807,7124.0,bid,1756904200809
1756904201.10311,0.22815,11122.0,ask,1756904200809
1756904201.2577255,0.22804,4381.0,bid,1756904200887
1756904201.2577255,0.22808,23895.0,ask,1756904200887
1756904201.7331588,0.22802,1882.0,bid,1756904201112
1756904201.7331588,0.22805,47798.0,ask,1756904201112
1756904201.7331588,0.22799,4712.0,bid,1756904201315
1756904201.7331588,0.22803,23901.0,ask,1756904201315
1756904201.926618,0.22799,4712.0,bid,1756904201457
1756904201.926618,0.22801,47806.0,ask,1756904201457
1756904202.1535752,0.22799,1706.0,bid,1756904201776
1756904202.1535752,0.228,23905.0,ask,1756904201776
1756904203.1459527,0.22799,4712.0,bid,1756904202755
1756904203.1459527,0.228,23905.0,ask,1756904202755
1756904203.1803865,0.22799,6905.0,bid,1756904202815
1756904203.1803865,0.22813,2844.0,ask,1756904202815
1756904203.996369,0.22799,6905.0,bid,1756904203282
1756904203.996369,0.22812,20705.0,ask,1756904203282
1756904207.4348207,0.22799,6905.0,bid,1756904207108
1756904207.4348207,0.22812,20640.0,ask,1756904207108
1756904211.3984451,0.22802,1446.0,bid,1756904211027
1756904211.3984451,0.22812,20640.0,ask,1756904211027
1756904211.7151272,0.22802,1446.0,bid,1756904211376
1756904211.7151272,0.2281,11122.0,ask,1756904211376
1756904212.0608184,0.22802,1446.0,bid,1756904211639
1756904212.0608184,0.22812,38323.0,ask,1756904211639
1756904212.077635,0.22802,1446.0,bid,1756904211700
1756904212.077635,0.22813,2844.0,ask,1756904211700
1756904212.275126,0.22803,2193.0,bid,1756904211975
1756904212.275126,0.22813,2844.0,ask,1756904211975
1756904212.5834348,0.22803,2193.0,bid,1756904212120
1756904212.5834348,0.22811,27236.0,ask,1756904212120
1756904212.8325925,0.22803,13681.0,bid,1756904212362
1756904212.8325925,0.22811,27236.0,ask,1756904212362
1756904213.0412025,0.22803,2193.0,bid,1756904212745
1756904213.0412025,0.22811,27236.0,ask,1756904212745
1756904213.265288,0.22807,2631.0,bid,1756904212877
1756904213.265288,0.22811,27236.0,ask,1756904212877
1756904213.2730849,0.22807,2631.0,bid,1756904212946
1756904213.2730849,0.22813,1402.0,ask,1756904212946
1756904213.293835,0.22812,61806.0,bid,1756904212996
1756904213.293835,0.22819,2988.0,ask,1756904212996
1756904213.4973648,0.22814,30901.0,bid,1756904213148
1756904213.4973648,0.22819,2988.0,ask,1756904213148
1756904213.6391075,0.22816,30898.0,bid,1756904213277
1756904213.6391075,0.22819,2988.0,ask,1756904213277
1756904214.238744,0.22816,30898.0,bid,1756904213477
1756904214.238744,0.22818,12728.0,ask,1756904213477
1756904214.238744,0.22814,30901.0,bid,1756904213679
1756904214.238744,0.22818,45618.0,ask,1756904213679
1756904214.238744,0.22814,30901.0,bid,1756904213774
1756904214.238744,0.22815,23887.0,ask,1756904213774
1756904214.4901993,0.22802,1446.0,bid,1756904213951
1756904214.4901993,0.22815,95548.0,ask,1756904213951
1756904214.4901993,0.22802,1446.0,bid,1756904214140
1756904214.4901993,0.22813,23889.0,ask,1756904214140
1756904214.6715674,0.22802,1446.0,bid,1756904214355
1756904214.6715674,0.22813,119445.0,ask,1756904214355
1756904214.8824687,0.22802,1446.0,bid,1756904214540
1756904214.8824687,0.22812,25257.0,ask,1756904214540
1756904216.046592,0.22802,1446.0,bid,1756904215763
1756904216.046592,0.22812,25207.0,ask,1756904215763
1756904216.5202274,0.22798,3006.0,bid,1756904216165
1756904216.5202274,0.22812,25207.0,ask,1756904216165
1756904218.1085284,0.22798,3006.0,bid,1756904217768
1756904218.1085284,0.22811,20212.0,ask,1756904217768
1756904218.3523788,0.22798,3006.0,bid,1756904218027
1756904218.3523788,0.2281,19624.0,ask,1756904218027
1756904219.2745678,0.22798,3006.0,bid,1756904218641
1756904219.2745678,0.22808,3242.0,ask,1756904218641
1756904219.2806692,0.22797,5005.0,bid,1756904218912
1756904219.2806692,0.22808,3242.0,ask,1756904218912
1756904219.4213195,0.22799,9968.0,bid,1756904219054
1756904219.4213195,0.22808,3242.0,ask,1756904219054
1756904219.4526196,0.22799,30180.0,bid,1756904219185
1756904219.4526196,0.22808,3242.0,ask,1756904219185
1756904219.791744,0.22799,20212.0,bid,1756904219422
1756904219.791744,0.22813,2610.0,ask,1756904219422
1756904220.2410314,0.22799,20212.0,bid,1756904219858
1756904220.2410314,0.22812,32890.0,ask,1756904219858
1756904221.0475612,0.22799,20212.0,bid,1756904220687
1756904221.0475612,0.22809,3242.0,ask,1756904220687
1756904221.4965944,0.22799,20212.0,bid,1756904221164
1756904221.4965944,0.22813,2610.0,ask,1756904221164
1756904222.1079178,0.22799,20212.0,bid,1756904221584
1756904222.1079178,0.22812,31460.0,ask,1756904221584
1756904222.5031044,0.22799,20158.0,bid,1756904222060
1756904222.5031044,0.22812,34702.0,ask,1756904222060
1756904222.9906614,0.22799,20158.0,bid,1756904222446
1756904222.9906614,0.22812,31460.0,ask,1756904222446
1756904223.4207067,0.22805,11122.0,bid,1756904223076
1756904223.4207067,0.22813,2610.0,ask,1756904223076
1756904223.4578886,0.22807,2695.0,bid,1756904223145
1756904223.4578886,0.22813,1289.0,ask,1756904223145
1756904223.5334754,0.22807,5192.0,bid,1756904223219
1756904223.5334754,0.22819,3123.0,ask,1756904223219
1756904223.5699651,0.22815,61796.0,bid,1756904223312
1756904223.5699651,0.22819,3123.0,ask,1756904223312
1756904223.6738575,0.22816,30898.0,bid,1756904223371
1756904223.6738575,0.22819,3123.0,ask,1756904223371
1756904223.6970546,0.22816,61796.0,bid,1756904223422
1756904223.6970546,0.22821,3792.0,ask,1756904223422
1756904224.4924917,0.2282,30893.0,bid,1756904223600
1756904224.4924917,0.22822,37922.0,ask,1756904223600
1756904224.4924917,0.22821,30893.0,bid,1756904223690
1756904224.4924917,0.22822,37922.0,ask,1756904223690
1756904224.4929955,0.22821,30893.0,bid,1756904224049
1756904224.4929955,0.22822,2870.0,ask,1756904224049
1756904224.6260965,0.22821,61786.0,bid,1756904224214
1756904224.6260965,0.22822,2870.0,ask,1756904224214
1756904224.6646369,0.22821,92679.0,bid,1756904224289
1756904224.6646369,0.22822,2870.0,ask,1756904224289
1756904225.2906153,0.22821,30893.0,bid,1756904224992
1756904225.2906153,0.22822,5995.0,ask,1756904224992
1756904225.6386826,0.22812,4471.0,bid,1756904225084
1756904225.6386826,0.22822,5995.0,ask,1756904225084
1756904225.6412396,0.22812,4471.0,bid,1756904225223
1756904225.6412396,0.22821,3242.0,ask,1756904225223
1756904225.8444703,0.2281,1897.0,bid,1756904225415
1756904225.8444703,0.22821,3242.0,ask,1756904225415
1756904226.2186437,0.2281,1897.0,bid,1756904225828
1756904226.2186437,0.22822,5995.0,ask,1756904225828
1756904226.3185544,0.22811,36852.0,bid,1756904225977
1756904226.3185544,0.22822,5995.0,ask,1756904225977
1756904226.7192564,0.22811,20212.0,bid,1756904226349
1756904226.7192564,0.22822,5995.0,ask,1756904226349
1756904227.1814382,0.22811,18792.0,bid,1756904226753
1756904227.1814382,0.22822,5995.0,ask,1756904226753
1756904231.9556527,0.22811,18792.0,bid,1756904231609
1756904231.9556527,0.22821,35048.0,ask,1756904231609
1756904232.2367918,0.22811,18792.0,bid,1756904231801
1756904232.2367918,0.22822,5995.0,ask,1756904231801
1756904232.5533814,0.2281,1897.0,bid,1756904232004
1756904232.5533814,0.22815,20212.0,ask,1756904232004
1756904232.6076643,0.22808,1445.0,bid,1756904232164
1756904232.6076643,0.22815,20212.0,ask,1756904232164
1756904232.638911,0.22808,1445.0,bid,1756904232287
1756904232.638911,0.22812,11122.0,ask,1756904232287
1756904232.7914746,0.22808,1445.0,bid,1756904232430
1756904232.7914746,0.22809,23894.0,ask,1756904232430
1756904233.0140362,0.22807,2517.0,bid,1756904232539
1756904233.0140362,0.22809,71682.0,ask,1756904232539
1756904233.1183085,0.22807,2517.0,bid,1756904232636
1756904233.1183085,0.22808,71685.0,ask,1756904232636
1756904233.2384686,0.22804,4383.0,bid,1756904232809
1756904233.2384686,0.22805,23899.0,ask,1756904232809
1756904233.485284,0.22804,4383.0,bid,1756904233041
1756904233.485284,0.22805,47798.0,ask,1756904233041
1756904233.651402,0.22804,7006.0,bid,1756904233136
1756904233.651402,0.22805,71697.0,ask,1756904233136
1756904233.6534917,0.22804,7006.0,bid,1756904233263
1756904233.6534917,0.22805,95596.0,ask,1756904233263
1756904233.7471879,0.22804,9199.0,bid,1756904233344
1756904233.7471879,0.22805,95596.0,ask,1756904233344
1756904234.0706148,0.22804,9199.0,bid,1756904233539
1756904234.0706148,0.22805,47798.0,ask,1756904233539
1756904234.550698,0.22798,28401.0,bid,1756904233956
1756904234.550698,0.22805,47798.0,ask,1756904233956
1756904234.5512218,0.22798,28401.0,bid,1756904234077
1756904234.5512218,0.2282,3125.0,ask,1756904234077
1756904234.7131178,0.22808,30908.0,bid,1756904234234
1756904234.7131178,0.2282,23337.0,ask,1756904234234
1756904234.788804,0.22808,154540.0,bid,1756904234363
1756904234.788804,0.2282,23337.0,ask,1756904234363
1756904234.806481,0.22808,249876.0,bid,1756904234557
1756904234.806481,0.2282,23337.0,ask,1756904234557
1756904235.012428,0.22808,218968.0,bid,1756904234639
1756904235.012428,0.2282,23337.0,ask,1756904234639
1756904235.1895707,0.22808,221481.0,bid,1756904234780
1756904235.1895707,0.2282,23337.0,ask,1756904234780
1756904235.5910304,0.22808,66941.0,bid,1756904235155
1756904235.5910304,0.2282,26579.0,ask,1756904235155
1756904235.7789092,0.22808,5125.0,bid,1756904235268
1756904235.7789092,0.2282,26579.0,ask,1756904235268
1756904235.7789092,0.22808,5125.0,bid,1756904235468
1756904235.7789092,0.22819,35055.0,ask,1756904235468
1756904238.3384666,0.22808,5125.0,bid,1756904238016
1756904238.3384666,0.22818,11573.0,ask,1756904238016
1756904238.7049942,0.22808,5125.0,bid,1756904238348
1756904238.7049942,0.22819,35055.0,ask,1756904238348
1756904240.285829,0.22808,5125.0,bid,1756904239913
1756904240.285829,0.2282,3125.0,ask,1756904239913
1756904242.1485517,0.22809,11122.0,bid,1756904241602
1756904242.1485517,0.22822,2848.0,ask,1756904241602
1756904242.1641536,0.22809,13314.0,bid,1756904241680
1756904242.1641536,0.22822,2848.0,ask,1756904241680
1756904242.475793,0.22809,13314.0,bid,1756904242154
1756904242.475793,0.22821,19068.0,ask,1756904242154
1756904245.1557763,0.22809,2192.0,bid,1756904244811
1756904245.1557763,0.22821,19068.0,ask,1756904244811
1756904245.4908772,0.22809,2192.0,bid,1756904245190
1756904245.4908772,0.22822,2848.0,ask,1756904245190
1756904245.8656657,0.22809,2192.0,bid,1756904245502
1756904245.8656657,0.22821,18846.0,ask,1756904245502
1756904246.180878,0.22809,2192.0,bid,1756904245790
1756904246.180878,0.2282,35055.0,ask,1756904245790
1756904246.195174,0.22808,5125.0,bid,1756904245899
1756904246.195174,0.2282,35055.0,ask,1756904245899
1756904246.8136861,0.22808,5125.0,bid,1756904246511
1756904246.8136861,0.22821,3101.0,ask,1756904246511
1756904246.9891229,0.22814,11122.0,bid,1756904246598
1756904246.9891229,0.22821,3101.0,ask,1756904246598
1756904247.0655549,0.2282,30893.0,bid,1756904246680
1756904247.0655549,0.22821,3101.0,ask,1756904246680
1756904247.2194684,0.2282,92679.0,bid,1756904246798
1756904247.2194684,0.22828,6124.0,ask,1756904246798
1756904247.220013,0.2282,92679.0,bid,1756904246884
1756904247.220013,0.22832,2583.0,ask,1756904246884
1756904247.409508,0.22824,61776.0,bid,1756904247016
1756904247.409508,0.22832,2583.0,ask,1756904247016
1756904497.6758857,0.22815,1420.0,bid,1756904496629
1756904497.6758857,0.22824,9338.0,ask,1756904496629
1756904497.6764066,0.22815,1420.0,bid,1756904496767
1756904497.6764066,0.22818,2896.0,ask,1756904496767
1756904497.6764066,0.22815,1420.0,bid,1756904496819
1756904497.6764066,0.22816,30743.0,ask,1756904496819
1756904497.6924534,0.2281,6000.0,bid,1756904496983
1756904497.6924534,0.22816,30743.0,ask,1756904496983
1756904497.6924534,0.22796,11621.0,bid,1756904497034
1756904497.6924534,0.22812,21068.0,ask,1756904497034
1756904497.6924534,0.22797,11122.0,bid,1756904497285
1756904497.6924534,0.22812,31602.0,ask,1756904497285
1756904497.8301623,0.22801,20212.0,bid,1756904497434
1756904497.8301623,0.22807,10540.0,ask,1756904497434
1756904497.914734,0.22804,2347.0,bid,1756904497580
1756904497.914734,0.22807,10540.0,ask,1756904497580
1756904498.1350534,0.22804,4611.0,bid,1756904497781
1756904498.1350534,0.22807,10540.0,ask,1756904497781
1756904498.2292206,0.22804,4611.0,bid,1756904497844
1756904498.2292206,0.22816,9251.0,ask,1756904497844
1756904498.3194456,0.2281,44255.0,bid,1756904497984
1756904498.3194456,0.22816,6089.0,ask,1756904497984
1756904498.4763114,0.2281,110968.0,bid,1756904498227
1756904498.4763114,0.22816,6089.0,ask,1756904498227
1756904498.5803137,0.2281,110968.0,bid,1756904498323
1756904498.5803137,0.22816,2949.0,ask,1756904498323
1756904498.7644124,0.2281,66713.0,bid,1756904498456
1756904498.7644124,0.22816,2949.0,ask,1756904498456
1756904499.225925,0.2281,66713.0,bid,1756904498894
1756904499.225925,0.22816,1560.0,ask,1756904498894
1756904499.2389452,0.2281,66713.0,bid,1756904498944
1756904499.2389452,0.22818,1321.0,ask,1756904498944
1756904500.0737362,0.22811,25089.0,bid,1756904499742
1756904500.0737362,0.22818,1321.0,ask,1756904499742
1756904500.4687843,0.22811,11122.0,bid,1756904500049
1756904500.4687843,0.22818,1321.0,ask,1756904500049
1756904500.7416978,0.22811,11122.0,bid,1756904500448
1756904500.7416978,0.22823,3140.0,ask,1756904500448
1756904500.9519985,0.22811,66396.0,bid,1756904500607
1756904500.9519985,0.22823,3140.0,ask,1756904500607
1756904501.2012346,0.22821,44241.0,bid,1756904500717
1756904501.2012346,0.22824,1420.0,ask,1756904500717
1756904501.3512511,0.22821,44241.0,bid,1756904500969
1756904501.3512511,0.22826,2822.0,ask,1756904500969
1756904552.462722,0.22829,11122.0,bid,1756904551828
1756904552.462722,0.22835,2190.0,ask,1756904551828
1756904552.4632337,0.22829,77835.0,bid,1756904551967
1756904552.4632337,0.22835,2190.0,ask,1756904551967
1756904552.6928592,0.22829,77781.0,bid,1756904552067
1756904552.6928592,0.22835,2190.0,ask,1756904552067
1756904552.693867,0.2283,5020.0,bid,1756904552167
1756904552.693867,0.22835,2190.0,ask,1756904552167
1756904552.693867,0.2283,11020.0,bid,1756904552273
1756904552.693867,0.22844,6000.0,ask,1756904552273
1756904552.8697875,0.22838,88440.0,bid,1756904552471
1756904552.8697875,0.22844,6000.0,ask,1756904552471
1756904553.1301854,0.22838,132660.0,bid,1756904552576
1756904553.1301854,0.22844,6000.0,ask,1756904552576
1756904553.30757,0.22842,20212.0,bid,1756904552731
1756904553.30757,0.2285,2619.0,ask,1756904552731
1756904553.7643604,0.22843,6000.0,bid,1756904553249
1756904553.7643604,0.2285,2619.0,ask,1756904553249
1756904553.7643604,0.22843,6000.0,bid,1756904553327
1756904553.7643604,0.2285,1357.0,ask,1756904553327
1756904553.911789,0.22848,2346.0,bid,1756904553547
1756904553.911789,0.2285,1357.0,ask,1756904553547
1756904554.044032,0.22848,2346.0,bid,1756904553656
1756904554.044032,0.22853,2976.0,ask,1756904553656
1756904554.162869,0.22852,44204.0,bid,1756904553734
1756904554.162869,0.22853,2976.0,ask,1756904553734
1756904554.3373706,0.22852,44204.0,bid,1756904554000
1756904554.3373706,0.22857,2885.0,ask,1756904554000
1756904554.3950274,0.22853,44202.0,bid,1756904554059
1756904554.3950274,0.22857,2885.0,ask,1756904554059
1756904554.7644632,0.22856,44203.0,bid,1756904554396
1756904554.7644632,0.22857,2885.0,ask,1756904554396
1756904554.8079774,0.22856,44203.0,bid,1756904554419
1756904554.8079774,0.22857,5861.0,ask,1756904554419
1756904555.2109766,0.22856,44203.0,bid,1756904554841
1756904555.2109766,0.22857,2976.0,ask,1756904554841
1756904555.3673158,0.22848,4099.0,bid,1756904554943
1756904555.3673158,0.22857,4287.0,ask,1756904554943
1756904555.4123614,0.22848,1748.0,bid,1756904555045
1756904555.4123614,0.22857,5590.0,ask,1756904555045
1756904555.7389932,0.22848,1748.0,bid,1756904555309
1756904555.7389932,0.22857,8475.0,ask,1756904555309
1756904555.8755617,0.22845,5049.0,bid,1756904555375
1756904555.8755617,0.22856,2188.0,ask,1756904555375
1756904556.6630769,0.22848,2263.0,bid,1756904556348
1756904556.6630769,0.22856,2188.0,ask,1756904556348
1756904557.2114966,0.22848,6270.0,bid,1756904556489
1756904557.2114966,0.22856,2188.0,ask,1756904556489
1756904558.0449836,0.22848,8017.0,bid,1756904557692
1756904558.0449836,0.22856,2188.0,ask,1756904557692
1756904558.2131405,0.22848,9765.0,bid,1756904557904
1756904558.2131405,0.22856,2188.0,ask,1756904557904
1756904558.4896853,0.22848,6268.0,bid,1756904558087
1756904558.4896853,0.22856,13409.0,ask,1756904558087
1756904558.6308467,0.22848,4005.0,bid,1756904558144
1756904558.6308467,0.22856,13409.0,ask,1756904558144
1756904558.680125,0.22848,1748.0,bid,1756904558313
1756904558.680125,0.22856,13409.0,ask,1756904558313
1756904558.7609947,0.22845,5010.0,bid,1756904558399
1756904558.7609947,0.22856,2188.0,ask,1756904558399
1756904558.880399,0.22845,5010.0,bid,1756904558481
1756904558.880399,0.22846,10494.0,ask,1756904558481
1756904558.8931448,0.22845,2380.0,bid,1756904558547
1756904558.8931448,0.22846,10494.0,ask,1756904558547
1756904559.2314124,0.22842,20212.0,bid,1756904558708
1756904559.2314124,0.22846,52470.0,ask,1756904558708
1756904559.32777,0.22842,20212.0,bid,1756904558822
1756904559.32777,0.22843,20994.0,ask,1756904558822
1756904559.4023225,0.22842,20212.0,bid,1756904558880
1756904559.4023225,0.22843,31491.0,ask,1756904558880
1756904559.5904067,0.22842,20212.0,bid,1756904559140
1756904559.5904067,0.22843,41988.0,ask,1756904559140
1756904560.1372893,0.22842,20212.0,bid,1756904559724
1756904560.1372893,0.22843,20994.0,ask,1756904559724
1756904560.3443007,0.22842,20212.0,bid,1756904559896
1756904560.3443007,0.22843,10497.0,ask,1756904559896
1756904560.640971,0.22842,20212.0,bid,1756904560131
1756904560.640971,0.2285,2655.0,ask,1756904560131
1756904561.049488,0.22842,20212.0,bid,1756904560668
1756904561.049488,0.22849,12362.0,ask,1756904560668
1756904561.9106722,0.22843,6000.0,bid,1756904561447
1756904561.9106722,0.22849,12362.0,ask,1756904561447
1756904562.7038405,0.22848,2628.0,bid,1756904562147
1756904562.7038405,0.2285,1273.0,ask,1756904562147
1756904562.8611872,0.22849,132629.0,bid,1756904562214
1756904562.8611872,0.22855,820.0,ask,1756904562214
1756904563.336439,0.22853,44206.0,bid,1756904562816
1756904563.336439,0.22855,820.0,ask,1756904562816
1756904563.475566,0.22849,132629.0,bid,1756904563019
1756904563.475566,0.22855,820.0,ask,1756904563019
1756904563.7953365,0.22848,17640.0,bid,1756904563269
1756904563.7953365,0.22855,820.0,ask,1756904563269
1756904563.8669212,0.22848,11640.0,bid,1756904563324
1756904563.8669212,0.22855,820.0,ask,1756904563324
1756904563.8669212,0.22848,6660.0,bid,1756904563477
1756904563.8669212,0.22855,5251.0,ask,1756904563477
1756904563.972966,0.22848,4913.0,bid,1756904563541
1756904563.972966,0.22854,32833.0,ask,1756904563541
1756904564.0530715,0.22848,4913.0,bid,1756904563679
1756904564.0530715,0.22849,10491.0,ask,1756904563679
1756904564.0530715,0.22845,4771.0,bid,1756904563733
1756904564.0530715,0.22849,20982.0,ask,1756904563733
1756904564.1685748,0.22845,2522.0,bid,1756904563826
1756904564.1685748,0.22846,10494.0,ask,1756904563826
1756904564.2939136,0.22841,20212.0,bid,1756904563928
1756904564.2939136,0.22846,31482.0,ask,1756904563928
1756904564.4512112,0.22841,20212.0,bid,1756904564012
1756904564.4512112,0.22845,10494.0,ask,1756904564012
1756904564.6185186,0.22841,20212.0,bid,1756904564119
1756904564.6185186,0.22842,20996.0,ask,1756904564119
1756904564.781766,0.22841,20212.0,bid,1756904564426
1756904564.781766,0.22842,41992.0,ask,1756904564426
1756904565.07258,0.22841,20212.0,bid,1756904564688
1756904565.07258,0.22842,10498.0,ask,1756904564688
1756904565.3671541,0.22841,20212.0,bid,1756904565033
1756904565.3671541,0.2285,2831.0,ask,1756904565033
1756904565.4442294,0.22841,23279.0,bid,1756904565091
1756904565.4442294,0.2285,2831.0,ask,1756904565091
1756904565.6928606,0.22841,28524.0,bid,1756904565335
1756904565.6928606,0.2285,1398.0,ask,1756904565335
1756904565.7470274,0.22845,46754.0,bid,1756904565436
1756904565.7470274,0.22855,820.0,ask,1756904565436
1756904565.787719,0.22853,44201.0,bid,1756904565511
1756904565.787719,0.22857,2916.0,ask,1756904565511
1756904566.0847034,0.22856,44198.0,bid,1756904565782
1756904566.0847034,0.22857,2916.0,ask,1756904565782
1756904566.5337443,0.22856,44198.0,bid,1756904566041
1756904566.5337443,0.22857,1489.0,ask,1756904566041
1756904567.1473715,0.22856,44198.0,bid,1756904566242
1756904567.1473715,0.2286,2573.0,ask,1756904566242
1756904567.8060236,0.22859,88400.0,bid,1756904566530
1756904567.8060236,0.2286,2573.0,ask,1756904566530
1756904567.8060236,0.22859,44200.0,bid,1756904566972
1756904567.8060236,0.2286,2573.0,ask,1756904566972
1756904567.813616,0.22849,1916.0,bid,1756904567221
1756904567.813616,0.2286,2573.0,ask,1756904567221
1756904568.9124718,0.22838,18418.0,bid,1756904568350
1756904568.9124718,0.2286,2573.0,ask,1756904568350
1756904569.07456,0.22848,2682.0,bid,1756904568762
1756904569.07456,0.2286,2573.0,ask,1756904568762
1756904569.5593276,0.22849,1414.0,bid,1756904569164
1756904569.5593276,0.2286,2573.0,ask,1756904569164
1756904570.4285665,0.22849,1414.0,bid,1756904570030
1756904570.4285665,0.22859,2976.0,ask,1756904570030
1756904571.5611305,0.22849,1414.0,bid,1756904571019
1756904571.5611305,0.22859,2926.0,ask,1756904571019
1756904573.1800487,0.22849,1414.0,bid,1756904572813
1756904573.1800487,0.22853,1389.0,ask,1756904572813
1756904573.2878797,0.2284,2339.0,bid,1756904572895
1756904573.2878797,0.22853,1389.0,ask,1756904572895
1756904573.354079,0.2284,2339.0,bid,1756904572959
1756904573.354079,0.22846,10493.0,ask,1756904572959
1756904573.4994411,0.2284,2339.0,bid,1756904573035
1756904573.4994411,0.22846,20986.0,ask,1756904573035
1756904573.555001,0.2284,2339.0,bid,1756904573124
1756904573.555001,0.22846,41972.0,ask,1756904573124
1756904573.6006987,0.2284,3753.0,bid,1756904573252
1756904573.6006987,0.22846,52465.0,ask,1756904573252
1756904573.6561627,0.22841,2189.0,bid,1756904573324
1756904573.6561627,0.22846,52465.0,ask,1756904573324
1756904574.1413894,0.22841,2189.0,bid,1756904573787
1756904574.1413894,0.22846,41972.0,ask,1756904573787
1756904574.276779,0.22841,2189.0,bid,1756904573880
1756904574.276779,0.22846,31479.0,ask,1756904573880
1756904574.4596126,0.2284,1414.0,bid,1756904573988
1756904574.4596126,0.22848,4471.0,ask,1756904573988
1756904574.4701593,0.2284,1414.0,bid,1756904574076
1756904574.4701593,0.22848,4421.0,ask,1756904574076
1756904574.8664846,0.2284,1414.0,bid,1756904574498
1756904574.8664846,0.2285,5252.0,ask,1756904574498
1756904575.6990957,0.22839,583.0,bid,1756904575382
1756904575.6990957,0.2285,5252.0,ask,1756904575382
1756904576.181702,0.22839,1997.0,bid,1756904575784
1756904576.181702,0.2285,5252.0,ask,1756904575784
1756904578.2027423,0.22839,1997.0,bid,1756904577853
1756904578.2027423,0.2285,5202.0,ask,1756904577853
1756904578.514333,0.2284,11122.0,bid,1756904578200
1756904578.514333,0.2285,5202.0,ask,1756904578200
1756904580.998216,0.22843,20212.0,bid,1756904580551
1756904580.998216,0.2285,3451.0,ask,1756904580551
1756904581.1475697,0.22843,20212.0,bid,1756904580769
1756904581.1475697,0.2285,1701.0,ask,1756904580769
1756904581.5917158,0.22844,2966.0,bid,1756904581113
1756904581.5917158,0.2285,1651.0,ask,1756904581113
1756904581.669444,0.22844,2966.0,bid,1756904581308
1756904581.669444,0.22861,1397.0,ask,1756904581308
1756904581.7311134,0.22853,44202.0,bid,1756904581446
1756904581.7311134,0.22861,1397.0,ask,1756904581446
1756904581.8148084,0.22853,132607.0,bid,1756904581517
1756904581.8148084,0.22861,1397.0,ask,1756904581517
1756904582.659207,0.22853,132607.0,bid,1756904581721
1756904582.659207,0.2286,15952.0,ask,1756904581721
1756904582.659207,0.22853,88405.0,bid,1756904582056
1756904582.659207,0.2286,15952.0,ask,1756904582056
1756904582.8774736,0.22844,2966.0,bid,1756904582325
1756904582.8774736,0.22859,34990.0,ask,1756904582325
1756904582.8774736,0.22844,2966.0,bid,1756904582457
1756904582.8774736,0.2286,15952.0,ask,1756904582457
1756904583.191336,0.22848,1413.0,bid,1756904582869
1756904583.191336,0.2286,15952.0,ask,1756904582869
1756904583.2527256,0.22848,1413.0,bid,1756904582917
1756904583.2527256,0.22861,1397.0,ask,1756904582917
1756904585.80102,0.22848,1413.0,bid,1756904585377
1756904585.80102,0.22861,1347.0,ask,1756904585377
1756904586.1228485,0.22848,1413.0,bid,1756904585781
1756904586.1228485,0.22861,1661.0,ask,1756904585781
1756904588.755098,0.22848,1413.0,bid,1756904588358
1756904588.755098,0.2286,11630.0,ask,1756904588358
1756904589.198813,0.22848,1413.0,bid,1756904588850
1756904589.198813,0.22861,1661.0,ask,1756904588850
1756904589.863846,0.22848,1413.0,bid,1756904589373
1756904589.863846,0.2286,1533.0,ask,1756904589373
1756904590.2987814,0.22848,1413.0,bid,1756904589922
1756904590.2987814,0.22859,3098.0,ask,1756904589922
1756904592.658505,0.22848,1413.0,bid,1756904592307
1756904592.658505,0.22854,11122.0,ask,1756904592307
1756904592.7816906,0.22848,1413.0,bid,1756904592406
1756904592.7816906,0.2285,1564.0,ask,1756904592406
1756904592.8834677,0.22848,1413.0,bid,1756904592560
1756904592.8834677,0.2285,2973.0,ask,1756904592560
1756904593.0567567,0.22838,4376.0,bid,1756904592695
1756904593.0567567,0.2285,2973.0,ask,1756904592695
1756904593.0567567,0.22838,4376.0,bid,1756904592760
1756904593.0567567,0.2285,2928.0,ask,1756904592760
1756904593.1099145,0.22836,1622.0,bid,1756904592832
1756904593.1099145,0.22845,21016.0,ask,1756904592832
1756904593.168685,0.22836,1622.0,bid,1756904592917
1756904593.168685,0.22845,42032.0,ask,1756904592917
1756904593.4877422,0.22836,1622.0,bid,1756904593033
1756904593.4877422,0.22845,63048.0,ask,1756904593033
1756904593.645127,0.22836,1622.0,bid,1756904593211
1756904593.645127,0.22837,21038.0,ask,1756904593211
1756904593.7720273,0.22836,4245.0,bid,1756904593405
1756904593.7720273,0.22837,10519.0,ask,1756904593405
1756904593.9453382,0.22834,4376.0,bid,1756904593599
1756904593.9453382,0.22837,10519.0,ask,1756904593599
1756904594.312514,0.22834,4376.0,bid,1756904593999
1756904594.312514,0.22845,3098.0,ask,1756904593999
1756904594.7169013,0.22833,1412.0,bid,1756904594315
1756904594.7169013,0.22845,3098.0,ask,1756904594315
1756904595.2204237,0.22835,2190.0,bid,1756904594699
1756904595.2204237,0.22845,3098.0,ask,1756904594699
1756904595.8183908,0.22835,2190.0,bid,1756904595439
1756904595.8183908,0.22845,3048.0,ask,1756904595439
1756904596.3554568,0.2284,11122.0,bid,1756904596048
1756904596.3554568,0.22845,3048.0,ask,1756904596048
1756904596.7604413,0.2284,11122.0,bid,1756904596346
1756904596.7604413,0.22849,2900.0,ask,1756904596346
1756904597.9935215,0.22834,4378.0,bid,1756904597428
1756904597.9935215,0.22848,4985.0,ask,1756904597428
1756904598.479716,0.22834,4378.0,bid,1756904597862
1756904598.479716,0.22849,2900.0,ask,1756904597862
1756904598.586755,0.22835,2190.0,bid,1756904598008
1756904598.586755,0.22848,2982.0,ask,1756904598008
1756904598.6494095,0.22835,2190.0,bid,1756904598077
1756904598.6494095,0.22842,11122.0,ask,1756904598077
1756904599.2335503,0.22835,2190.0,bid,1756904598474
1756904599.2335503,0.22839,1491.0,ask,1756904598474
1756904599.4821317,0.22835,2190.0,bid,1756904598626
1756904599.4821317,0.22839,2962.0,ask,1756904598626
1756904602.7804685,0.22835,2140.0,bid,1756904602126
1756904602.7804685,0.22839,2962.0,ask,1756904602126
1756904606.1395352,0.22835,2140.0,bid,1756904605371
1756904606.1395352,0.22839,1471.0,ask,1756904605371
1756904606.1395352,0.22835,2140.0,bid,1756904605424
1756904606.1395352,0.2284,1750.0,ask,1756904605424
1756904606.140077,0.22839,88420.0,bid,1756904605758
1756904606.140077,0.2284,1750.0,ask,1756904605758
1756904606.4731417,0.22839,132630.0,bid,1756904606026
1756904606.4731417,0.22847,1497.0,ask,1756904606026
1756904606.6352448,0.22842,44204.0,bid,1756904606094
1756904606.6352448,0.22847,1497.0,ask,1756904606094
1756904606.6942034,0.22843,88404.0,bid,1756904606254
1756904606.6942034,0.22847,1447.0,ask,1756904606254
1756904606.814257,0.22846,11122.0,bid,1756904606371
1756904606.814257,0.22854,4844.0,ask,1756904606371
1756904607.0814998,0.22846,13745.0,bid,1756904606701
1756904607.0814998,0.22854,4844.0,ask,1756904606701
1756904607.5646102,0.22846,13745.0,bid,1756904606787
1756904607.5646102,0.22855,1680.0,ask,1756904606787
1756904607.8250868,0.2285,44194.0,bid,1756904606881
1756904607.8250868,0.22855,1680.0,ask,1756904606881
1756904607.8250868,0.2285,132584.0,bid,1756904607041
1756904607.8250868,0.22855,1680.0,ask,1756904607041
1756904608.1763062,0.22847,1447.0,bid,1756904607779
1756904608.1763062,0.22855,1680.0,ask,1756904607779
1756904608.3539734,0.22854,44189.0,bid,1756904607968
1756904608.3539734,0.22855,1680.0,ask,1756904607968
1756904609.2954814,0.22848,1412.0,bid,1756904608886
1756904609.2954814,0.22855,1680.0,ask,1756904608886
1756904610.7592673,0.22848,1412.0,bid,1756904610189
1756904610.7592673,0.22854,6419.0,ask,1756904610189
1756904610.867059,0.22841,2871.0,bid,1756904610298
1756904610.867059,0.22854,6419.0,ask,1756904610298
1756904610.9706333,0.2284,20212.0,bid,1756904610607
1756904610.9706333,0.22845,31474.0,ask,1756904610607
1756904611.2787485,0.2284,20212.0,bid,1756904610904
1756904611.2787485,0.22854,32832.0,ask,1756904610904
1756904611.4738336,0.22842,2189.0,bid,1756904611002
1756904611.4738336,0.22855,4660.0,ask,1756904611002
1756904611.5648706,0.22844,11122.0,bid,1756904611073
1756904611.5648706,0.22855,3009.0,ask,1756904611073
1756904611.9678981,0.22849,1411.0,bid,1756904611606
1756904611.9678981,0.22855,3009.0,ask,1756904611606
1756904613.5402672,0.2285,20212.0,bid,1756904613111
1756904613.5402672,0.22855,3009.0,ask,1756904613111
1756904614.7965312,0.2285,20212.0,bid,1756904614348
1756904614.7965312,0.22855,1457.0,ask,1756904614348
1756904614.811581,0.2285,20212.0,bid,1756904614514
1756904614.811581,0.22858,3278.0,ask,1756904614514
1756904616.2342896,0.22849,1411.0,bid,1756904615891
1756904616.2342896,0.22855,1548.0,ask,1756904615891
1756904616.3824575,0.22849,1411.0,bid,1756904615950
1756904616.3824575,0.22855,2949.0,ask,1756904615950
1756904616.517732,0.22849,1411.0,bid,1756904616150
1756904616.517732,0.22855,2899.0,ask,1756904616150
1756904617.0746286,0.22849,1411.0,bid,1756904616718
1756904617.0746286,0.22855,2822.0,ask,1756904616718
1756904618.274102,0.22849,1411.0,bid,1756904618032
1756904618.274102,0.22855,442.0,ask,1756904618032
1756904618.8286602,0.22849,1411.0,bid,1756904618535
1756904618.8286602,0.22857,3151.0,ask,1756904618535
1756904619.1781223,0.22849,1411.0,bid,1756904618842
1756904619.1781223,0.22857,7699.0,ask,1756904618842
1756904619.237487,0.22849,1411.0,bid,1756904618914
1756904619.237487,0.22855,1648.0,ask,1756904618914
1756904619.5119724,0.22849,1411.0,bid,1756904619024
1756904619.5119724,0.22855,3166.0,ask,1756904619024
1756904619.543896,0.22849,1411.0,bid,1756904619216
1756904619.543896,0.22855,3119.0,ask,1756904619216
1756904620.0784261,0.22849,1411.0,bid,1756904619733
1756904620.0784261,0.22855,3050.0,ask,1756904619733
1756904620.8217995,0.22849,1411.0,bid,1756904620344
1756904620.8217995,0.22855,1468.0,ask,1756904620344
1756904621.6983333,0.22849,1411.0,bid,1756904621375
1756904621.6983333,0.22857,3132.0,ask,1756904621375
1756904622.134279,0.22849,1411.0,bid,1756904621782
1756904622.134279,0.22855,3134.0,ask,1756904621782
1756904623.881496,0.2285,16297.0,bid,1756904623453
1756904623.881496,0.22855,1536.0,ask,1756904623453
1756904623.9151418,0.2285,16297.0,bid,1756904623589
1756904623.9151418,0.22857,2981.0,ask,1756904623589
1756904623.9948227,0.2285,14109.0,bid,1756904623665
1756904623.9948227,0.22857,2981.0,ask,1756904623665
1756904624.2727504,0.2285,14109.0,bid,1756904623844
1756904624.2727504,0.22854,47050.0,ask,1756904623844
1756904624.3593645,0.22844,6000.0,bid,1756904623952
1756904624.3593645,0.22854,47050.0,ask,1756904623952
1756904624.4104042,0.22844,6000.0,bid,1756904624053
1756904624.4104042,0.22847,20986.0,ask,1756904624053
1756904624.478325,0.22837,19830.0,bid,1756904624129
1756904624.478325,0.22847,31479.0,ask,1756904624129
1756904624.5521748,0.22836,1622.0,bid,1756904624273
1756904624.5521748,0.22847,31479.0,ask,1756904624273
1756904624.6349933,0.22836,1622.0,bid,1756904624330
1756904624.6349933,0.22847,52465.0,ask,1756904624330
1756904624.888203,0.22836,1622.0,bid,1756904624538
1756904624.888203,0.22837,10507.0,ask,1756904624538
1756904624.9582965,0.22835,1410.0,bid,1756904624590
1756904624.9582965,0.22837,10507.0,ask,1756904624590
1756904625.0142562,0.22835,1410.0,bid,1756904624673
1756904625.0142562,0.22836,21016.0,ask,1756904624673
1756904625.541545,0.22835,1410.0,bid,1756904624976
1756904625.541545,0.22836,31524.0,ask,1756904624976
1756904625.5420575,0.22835,6223.0,bid,1756904625071
1756904625.5420575,0.22836,31524.0,ask,1756904625071
1756904625.732853,0.22835,6223.0,bid,1756904625366
1756904625.732853,0.22836,21016.0,ask,1756904625366
1756904625.8607528,0.22835,6223.0,bid,1756904625474
1756904625.8607528,0.22847,6162.0,ask,1756904625474
1756904627.1856835,0.22836,6000.0,bid,1756904626795
1756904627.1856835,0.22847,6162.0,ask,1756904626795
1756904628.98444,0.22836,6000.0,bid,1756904628608
1756904628.98444,0.22847,3068.0,ask,1756904628608
1756904629.705374,0.22842,11122.0,bid,1756904629231
1756904629.705374,0.22847,1533.0,ask,1756904629231
1756904629.9147835,0.22844,2499.0,bid,1756904629419
1756904629.9147835,0.22855,1604.0,ask,1756904629419
1756904629.9437633,0.2285,88404.0,bid,1756904629532
1756904629.9437633,0.22855,1604.0,ask,1756904629532
1756904629.9860895,0.2285,132606.0,bid,1756904629633
1756904629.9860895,0.22855,1604.0,ask,1756904629633
1756904630.499242,0.22851,6000.0,bid,1756904629924
1756904630.499242,0.22855,1604.0,ask,1756904629924
1756904630.777014,0.22853,20162.0,bid,1756904630254
1756904630.777014,0.22855,1604.0,ask,1756904630254
1756904630.8022027,0.22853,20162.0,bid,1756904630304
1756904630.8022027,0.22857,1574.0,ask,1756904630304
1756904630.9287348,0.22856,44201.0,bid,1756904630442
1756904630.9287348,0.22862,3094.0,ask,1756904630442
1756904631.3199508,0.22858,176790.0,bid,1756904630720
1756904631.3199508,0.22867,3008.0,ask,1756904630720
1756904631.6436362,0.22858,176790.0,bid,1756904631159
1756904631.6436362,0.22867,1443.0,ask,1756904631159
1756904631.9854918,0.22865,11122.0,bid,1756904631381
1756904631.9854918,0.22871,6650.0,ask,1756904631381
1756904632.1813195,0.2287,44180.0,bid,1756904631540
1756904632.1813195,0.22875,4624.0,ask,1756904631540
1756904632.365977,0.2287,88360.0,bid,1756904631824
1756904632.365977,0.22875,4624.0,ask,1756904631824
1756904632.8353662,0.2287,132540.0,bid,1756904632174
1756904632.8353662,0.22875,4624.0,ask,1756904632174
1756904632.8353662,0.22874,44177.0,bid,1756904632250
1756904632.8353662,0.22875,4624.0,ask,1756904632250
1756904633.2162888,0.22874,44177.0,bid,1756904632520
1756904633.2162888,0.22875,3094.0,ask,1756904632520
1756904633.2173328,0.22874,44177.0,bid,1756904632761
1756904633.2173328,0.22877,2833.0,ask,1756904632761
1756904633.9064908,0.22874,44177.0,bid,1756904633249
1756904633.9064908,0.22877,2906.0,ask,1756904633249
1756904633.9064908,0.22875,6000.0,bid,1756904633386
1756904633.9064908,0.22876,3094.0,ask,1756904633386
1756904634.4416416,0.22875,10738.0,bid,1756904633987
1756904634.4416416,0.22877,2906.0,ask,1756904633987
1756904634.4474761,0.22875,10738.0,bid,1756904634040
1756904634.4474761,0.22877,1439.0,ask,1756904634040
1756904634.5103326,0.22876,44180.0,bid,1756904634101
1756904634.5103326,0.22885,1748.0,ask,1756904634101
1756904634.7418091,0.22879,136459.0,bid,1756904634272
1756904634.7418091,0.22885,1748.0,ask,1756904634272
1756904634.996333,0.2288,39582.0,bid,1756904634463
1756904634.996333,0.22885,1748.0,ask,1756904634463
1756904634.996333,0.2288,39582.0,bid,1756904634594
1756904634.996333,0.22897,2954.0,ask,1756904634594
1756904635.0775294,0.22884,11122.0,bid,1756904634671
1756904635.0775294,0.22897,2954.0,ask,1756904634671
1756904635.3557491,0.22888,80377.0,bid,1756904634797
1756904635.3557491,0.22897,2954.0,ask,1756904634797
1756904635.4792032,0.22888,80377.0,bid,1756904634998
1756904635.4792032,0.22897,1563.0,ask,1756904634998
1756904635.4797523,0.22888,124537.0,bid,1756904635107
1756904635.4797523,0.22897,1563.0,ask,1756904635107
1756904635.5911906,0.22888,124537.0,bid,1756904635200
1756904635.5911906,0.229,2902.0,ask,1756904635200
1756904635.9219706,0.22899,85992.0,bid,1756904635302
1756904635.9219706,0.229,2902.0,ask,1756904635302
1756904636.2487736,0.22899,42996.0,bid,1756904635699
1756904636.2487736,0.229,2902.0,ask,1756904635699
1756904636.33903,0.22899,42996.0,bid,1756904635804
1756904636.33903,0.22904,69763.0,ask,1756904635804
1756904636.596641,0.22889,1384.0,bid,1756904636021
1756904636.596641,0.22904,66713.0,ask,1756904636021
1756904636.7383895,0.22889,1384.0,bid,1756904636175
1756904636.7383895,0.22904,70109.0,ask,1756904636175
1756904636.8586059,0.22889,1384.0,bid,1756904636424
1756904636.8586059,0.22904,71856.0,ask,1756904636424
1756904636.9092417,0.22889,1384.0,bid,1756904636618
1756904636.9092417,0.22903,2902.0,ask,1756904636618
1756904637.0240414,0.2289,16472.0,bid,1756904636642
1756904637.0240414,0.22903,35666.0,ask,1756904636642
1756904637.1943607,0.2289,16472.0,bid,1756904636691
1756904637.1943607,0.22903,5756.0,ask,1756904636691
1756904637.275681,0.2289,96291.0,bid,1756904636835
1756904637.275681,0.22903,5756.0,ask,1756904636835
1756904637.379162,0.22891,6000.0,bid,1756904636931
1756904637.379162,0.22903,2854.0,ask,1756904636931
1756904638.1983297,0.22891,11256.0,bid,1756904637090
1756904638.1983297,0.22903,2854.0,ask,1756904637090
1756904638.198833,0.22891,11256.0,bid,1756904637233
1756904638.198833,0.22905,1389.0,ask,1756904637233
1756904638.198833,0.22904,123019.0,bid,1756904637310
1756904638.198833,0.22905,1389.0,ask,1756904637310
1756904638.4550202,0.22904,123019.0,bid,1756904637540
1756904638.4550202,0.22907,3072.0,ask,1756904637540
1756904638.455553,0.22906,41004.0,bid,1756904637707
1756904638.455553,0.22907,3072.0,ask,1756904637707
1756904638.455553,0.22906,41004.0,bid,1756904637934
1756904638.455553,0.22907,1557.0,ask,1756904637934
1756904638.570717,0.22906,134134.0,bid,1756904638141
1756904638.570717,0.22907,1557.0,ask,1756904638141
1756904638.7117028,0.22906,134134.0,bid,1756904638302
1756904638.7117028,0.22911,4471.0,ask,1756904638302
1756904638.8065622,0.22906,134134.0,bid,1756904638450
1756904638.8065622,0.22915,1516.0,ask,1756904638450
1756904639.0461671,0.22908,41008.0,bid,1756904638575
1756904639.0461671,0.22917,3045.0,ask,1756904638575
1756904639.2340806,0.2291,123018.0,bid,1756904638754
1756904639.2340806,0.22917,5947.0,ask,1756904638754
1756904639.2985413,0.2291,123018.0,bid,1756904638950
1756904639.2985413,0.22915,1631.0,ask,1756904638950
1756904639.5019677,0.22914,40999.0,bid,1756904639103
1756904639.5019677,0.22915,3180.0,ask,1756904639103
1756904639.6934938,0.22913,41000.0,bid,1756904639118
1756904639.6934938,0.22915,3180.0,ask,1756904639118
1756904639.6940086,0.2291,123018.0,bid,1756904639318
1756904639.6940086,0.22915,38088.0,ask,1756904639318
1756904639.729553,0.2291,123018.0,bid,1756904639368
1756904639.729553,0.22914,32751.0,ask,1756904639368
1756904639.9455597,0.22905,1408.0,bid,1756904639567
1756904639.9455597,0.22911,13549.0,ask,1756904639567
1756904640.2623768,0.22905,1408.0,bid,1756904639816
1756904640.2623768,0.22912,27098.0,ask,1756904639816
1756904640.439105,0.22911,41003.0,bid,1756904639972
1756904640.439105,0.22915,3346.0,ask,1756904639972
1756904640.4895425,0.22911,41003.0,bid,1756904640184
1756904640.4895425,0.22915,4822.0,ask,1756904640184
1756904640.5980804,0.22914,81996.0,bid,1756904640253
1756904640.5980804,0.22915,4822.0,ask,1756904640253
1756904640.7626004,0.22914,163992.0,bid,1756904640378
1756904640.7626004,0.22915,4822.0,ask,1756904640378
1756904640.9013648,0.22914,204990.0,bid,1756904640574
1756904640.9013648,0.22915,5977.0,ask,1756904640574
1756904641.1566284,0.22914,204990.0,bid,1756904640680
1756904641.1566284,0.22915,1476.0,ask,1756904640680
1756904641.508492,0.22914,81996.0,bid,1756904640927
1756904641.508492,0.22915,1476.0,ask,1756904640927
1756904641.6229248,0.22914,81996.0,bid,1756904641248
1756904641.6229248,0.22917,1459.0,ask,1756904641248
1756904641.8713527,0.22916,41000.0,bid,1756904641311
1756904641.8713527,0.22918,2854.0,ask,1756904641311
1756904641.9409664,0.22917,122994.0,bid,1756904641513
1756904641.9409664,0.22922,2902.0,ask,1756904641513
1756904642.009826,0.22918,40996.0,bid,1756904641580
1756904642.009826,0.22922,2902.0,ask,1756904641580
1756904642.1421535,0.22918,81992.0,bid,1756904641778
1756904642.1421535,0.22922,2902.0,ask,1756904641778
1756904642.3224354,0.2292,40993.0,bid,1756904641880
1756904642.3224354,0.22925,1528.0,ask,1756904641880
1756904642.5545063,0.22924,40988.0,bid,1756904642078
1756904642.5545063,0.22925,1528.0,ask,1756904642078
1756904642.6029656,0.22924,122964.0,bid,1756904642171
1756904642.6029656,0.22925,1528.0,ask,1756904642171
1756904643.1827679,0.22924,163952.0,bid,1756904642567
1756904643.1827679,0.22925,1528.0,ask,1756904642567
1756904643.1827679,0.22924,163952.0,bid,1756904642642
1756904643.1827679,0.2294,2763.0,ask,1756904642642
1756904643.4527209,0.22924,40988.0,bid,1756904642857
1756904643.4527209,0.22935,1517.0,ask,1756904642857
1756904643.5813735,0.22925,1528.0,bid,1756904643175
1756904643.5813735,0.22935,1517.0,ask,1756904643175
1756904643.5813735,0.22925,1528.0,bid,1756904643255
1756904643.5813735,0.2294,2854.0,ask,1756904643255
1756904643.667926,0.22932,66713.0,bid,1756904643315
1756904643.667926,0.22941,1387.0,ask,1756904643315
1756904643.8467078,0.22932,86925.0,bid,1756904643521
1756904643.8467078,0.22947,4161.0,ask,1756904643521
1756904644.014271,0.22943,40944.0,bid,1756904643640
1756904644.014271,0.22947,4161.0,ask,1756904643640
1756904644.4224067,0.22944,40947.0,bid,1756904644004
1756904644.4224067,0.22947,4862.0,ask,1756904644004
1756904644.4736075,0.22944,40947.0,bid,1756904644059
1756904644.4736075,0.22945,1410.0,ask,1756904644059
1756904644.595333,0.22944,40947.0,bid,1756904644200
1756904644.595333,0.22953,29183.0,ask,1756904644200
1756904644.7642663,0.22945,6000.0,bid,1756904644415
1756904644.7642663,0.22946,25800.0,ask,1756904644415
1756904644.809922,0.22945,6000.0,bid,1756904644487
1756904644.809922,0.22947,1440.0,ask,1756904644487
1756904644.9182475,0.22945,6000.0,bid,1756904644561
1756904644.9182475,0.22946,23758.0,ask,1756904644561
1756904645.2708764,0.22934,2884.0,bid,1756904644864
1756904645.2708764,0.22947,2978.0,ask,1756904644864
1756904645.3688495,0.22934,2884.0,bid,1756904644995
1756904645.3688495,0.22946,19202.0,ask,1756904644995
1756904645.5891242,0.22931,5790.0,bid,1756904645141
1756904645.5891242,0.22946,19202.0,ask,1756904645141
1756904645.6489804,0.22931,1930.0,bid,1756904645236
1756904645.6489804,0.22946,19202.0,ask,1756904645236
1756904645.6489804,0.22936,11122.0,bid,1756904645289
1756904645.6489804,0.22946,19202.0,ask,1756904645289
1756904646.38937,0.22936,11122.0,bid,1756904646032
1756904646.38937,0.22945,1543.0,ask,1756904646032
1756904646.689709,0.22928,6000.0,bid,1756904646285
1756904646.689709,0.22943,12653.0,ask,1756904646285
1756904647.039349,0.22923,6464.0,bid,1756904646445
1756904647.039349,0.22933,54144.0,ask,1756904646445
1756904647.1029918,0.22923,6464.0,bid,1756904646633
1756904647.1029918,0.22933,67680.0,ask,1756904646633
1756904647.1672802,0.22923,6464.0,bid,1756904646688
1756904647.1672802,0.22925,13546.0,ask,1756904646688
1756904647.5905023,0.22923,6464.0,bid,1756904647104
1756904647.5905023,0.22925,40638.0,ask,1756904647104
1756904648.2723098,0.22924,2181.0,bid,1756904647456
1756904648.2723098,0.22925,13546.0,ask,1756904647456
1756904648.272872,0.22924,2181.0,bid,1756904647760
1756904648.272872,0.22936,1512.0,ask,1756904647760
1756904648.8818998,0.22927,11122.0,bid,1756904648151
1756904648.8818998,0.2294,7168.0,ask,1756904648151
1756904649.2107828,0.22927,11122.0,bid,1756904648553
1756904649.2107828,0.2294,5521.0,ask,1756904648553
1756904649.4082205,0.22927,11122.0,bid,1756904648931
1756904649.4082205,0.22945,54993.0,ask,1756904648931
1756904649.9343603,0.22928,6000.0,bid,1756904649174
1756904649.9343603,0.22945,52814.0,ask,1756904649174
1756904650.0239813,0.22928,6000.0,bid,1756904649359
1756904650.0239813,0.22939,32710.0,ask,1756904649359
1756904650.2840571,0.22928,6000.0,bid,1756904649807
1756904650.2840571,0.22933,20212.0,ask,1756904649807
1756904650.6923995,0.22923,4471.0,bid,1756904650175
1756904650.6923995,0.22932,34878.0,ask,1756904650175
1756904650.920221,0.22922,19761.0,bid,1756904650424
1756904650.920221,0.22932,37780.0,ask,1756904650424
1756904650.9904616,0.22922,19761.0,bid,1756904650554
1756904650.9904616,0.22925,13546.0,ask,1756904650554
1756904650.9904616,0.22914,12739.0,bid,1756904650654
1756904650.9904616,0.22925,40638.0,ask,1756904650654
1756904651.0723004,0.22914,15709.0,bid,1756904650713
1756904651.0723004,0.22925,40638.0,ask,1756904650713
1756904651.2457373,0.22914,15709.0,bid,1756904650854
1756904651.2457373,0.2292,27104.0,ask,1756904650854
1756904651.5116937,0.22914,4587.0,bid,1756904651100
1756904651.5116937,0.22919,27106.0,ask,1756904651100
1756904651.5668142,0.22913,9322.0,bid,1756904651187
1756904651.5668142,0.22915,11122.0,ask,1756904651187
1756904651.8054447,0.22913,4471.0,bid,1756904651303
1756904651.8054447,0.22914,54244.0,ask,1756904651303
1756904651.8793185,0.22913,4471.0,bid,1756904651402
1756904651.8793185,0.22914,67805.0,ask,1756904651402
1756904651.8793185,0.22913,4471.0,bid,1756904651483
1756904651.8793185,0.22914,81366.0,ask,1756904651483
1756904651.925774,0.22895,2189.0,bid,1756904651602
1756904651.925774,0.22914,189767.0,ask,1756904651602
1756904652.0478144,0.22875,1926.0,bid,1756904651763
1756904652.0478144,0.2291,13564.0,ask,1756904651763
1756904652.1989312,0.22872,2119.0,bid,1756904651844
1756904652.1989312,0.22896,31334.0,ask,1756904651844
1756904652.4362524,0.22872,2119.0,bid,1756904652029
1756904652.4362524,0.22873,13608.0,ask,1756904652029
1756904652.5650635,0.22872,5089.0,bid,1756904652215
1756904652.5650635,0.22873,13608.0,ask,1756904652215
1756904653.5671475,0.22872,5089.0,bid,1756904652836
1756904653.5671475,0.22873,14044.0,ask,1756904652836
1756904654.2299676,0.22872,5089.0,bid,1756904653728
1756904654.2299676,0.22873,9202.0,ask,1756904653728
1756904654.319062,0.22872,7973.0,bid,1756904653888
1756904654.319062,0.22873,9202.0,ask,1756904653888
1756904654.4874985,0.22872,7973.0,bid,1756904654033
1756904654.4874985,0.22873,6385.0,ask,1756904654033
